pdb,PBF,PMI1,PMI2,PMI3,NPR1,NPR2,RadiusOfGyration,InertialShapeFactor,Eccentricity,Asphericity,SpherocityIndex
protein,1.0672124896127064,5551.74013430841,13480.719641521071,17449.595369637784,0.318158674554048,0.7725519908030338,5.417224482484137,0.0001391549265839821,0.9480374770050031,0.3308632879945609,0.15373402391691696
protein,0,0,0,0,0,0,0,0,0,0,0
protein,0,0,0,0,0,0,0,0,0,0,0
protein,0.9445144509929747,2424.0365798312514,26956.415163846246,28578.079535253077,0.08482153522041365,0.9432549563239058,6.833580259672714,0.00038912571046661765,0.9963961597491492,0.7671497236976366,0.06709052357719791
protein,0,0,0,0,0,0,0,0,0,0,0
protein,0,0,0,0,0,0,0,0,0,0,0
protein,0,0,0,0,0,0,0,0,0,0,0
protein,0.8773878139648931,2771.031270188629,21529.963298683662,23602.428433167974,0.11740449835638776,0.9121927160862854,6.212592779195204,0.0003291888929222335,0.9930841775829906,0.6886535827783455,0.06786690794845093
protein,0.9292375434339687,5154.302078748799,11745.02424520976,15921.472346674636,0.32373275326043127,0.7376845551386979,5.142380240396801,0.00014312016328654333,0.9461485636338623,0.3282798012645954,0.1181379125250161
protein,1.0812917561708406,3322.932044325485,34404.97165836119,36102.85386385762,0.09204070284460407,0.9529709697770964,7.712732625641741,0.000286786174699079,0.9957552455397217,0.7497730606477132,0.08211836889163993
protein,1.044961204473108,3396.136603684239,20443.729181883755,22598.868164010048,0.15027905729777985,0.9046350920548104,6.116877727780297,0.0002663718211668615,0.9886436187715423,0.6158058801022777,0.09777123218289037
protein,0,0,0,0,0,0,0,0,0,0,0
protein,0.9107794761152294,5686.631966660523,10653.680537130414,15557.030470611886,0.36553453934559643,0.6848145317485764,5.069520316200097,0.00012042533010110273,0.9307977763968942,0.2872682585433826,0.12042206539154683
protein,1.1974325304045765,4596.85152496823,37477.81264928459,39663.12798180527,0.11589735250021004,0.9449031016030013,8.115234336834174,0.00020555440968033698,0.9932611961027381,0.6931758258611905,0.08730024218022021
protein,0,0,0,0,0,0,0,0,0,0,0
protein,1.0351523402406044,4699.699843389674,8016.635726167729,11512.726142894762,0.40821780914941325,0.6963281873177628,4.418327579822145,0.0001481643957107554,0.9128845602228428,0.23726205235664868,0.181289365377674
protein,1.6396020153276618,3951.088212834389,13708.570875536674,14354.035551402336,0.27525974829067373,0.9550325291062414,5.078757922849881,0.0002417137957092409,0.9613698928981264,0.3977969582699381,0.3551957968765186
protein,0.947199950610251,3268.7366716027445,23085.978717331982,25093.728257325525,0.13026110102425748,0.9199899863661181,6.438367086334999,0.00028145123905469683,0.9914797252389723,0.6596927938656407,0.0816643602123622
protein,0.8747164729169906,4893.190584591813,11709.289267230635,15633.341186591288,0.3129971083077686,0.7489946728261575,5.096346897017827,0.000153068771771259,0.9497540787967035,0.34106439645427145,0.10458894002283306
protein,1.3512319633986796,3394.0969057805232,40876.06005513041,41896.3397381885,0.0810117763745076,0.9756475222075759,8.332183613594076,0.0002874542328316967,0.9967131443342397,0.7780448479795776,0.12295999749995858
protein,0,0,0,0,0,0,0,0,0,0,0
protein,0,0,0,0,0,0,0,0,0,0,0
protein,0,0,0,0,0,0,0,0,0,0,0
protein,0,0,0,0,0,0,0,0,0,0,0
protein,0.8983571680514544,5437.701260734685,13236.34031022853,17732.40028223966,0.3066534239124386,0.746449442802491,5.416000946841318,0.0001372729774974138,0.9518212424624585,0.3503664833834227,0.1008198084396915
protein,0,0,0,0,0,0,0,0,0,0,0
protein,0,0,0,0,0,0,0,0,0,0,0
protein,0,0,0,0,0,0,0,0,0,0,0
protein,0,0,0,0,0,0,0,0,0,0,0
protein,0,0,0,0,0,0,0,0,0,0,0
protein,1.34393305987457,4623.665762357343,31852.343264700536,33284.33376505501,0.13891417490866823,0.9569770417980272,7.4971105827528115,0.00020697366353534155,0.9903044239068326,0.6431248826592567,0.12236681273770535
protein,0,0,0,0,0,0,0,0,0,0,0
protein,0,0,0,0,0,0,0,0,0,0,0
protein,0.9166599502119867,5188.972993720252,12010.285207948362,16279.789355904406,0.31873710895640667,0.7377420521471572,5.193691637547275,0.00014217496468761355,0.9478431596915767,0.33504168960209163,0.10631060681955856
protein,0,0,0,0,0,0,0,0,0,0,0
protein,1.2475902486793338,4924.444613438269,8084.286235156594,10806.392091480613,0.4556973846359444,0.7481022497351328,4.37686950748604,0.0001519160653556025,0.8901347615029761,0.18334070847213557,0.2794485941973269
protein,1.363238713490253,3704.2646881665733,40359.545236121885,41159.192407065755,0.0899984783843977,0.9805718449712197,8.286440737406704,0.00026471430297724056,0.9959419028680805,0.7564741070520707,0.12116595114632892
protein,0,0,0,0,0,0,0,0,0,0,0
protein,0,0,0,0,0,0,0,0,0,0,0
protein,1.0266453533272482,2572.206577442665,39087.06717685506,40499.12042348515,0.06351265288100087,0.9651337305140275,8.13608701810906,0.0003752162594473968,0.9979810333488394,0.8218604504742452,0.06532420878868336
protein,0,0,0,0,0,0,0,0,0,0,0
protein,1.006960263451289,3002.3326526614687,26195.29042684285,27938.751110305846,0.10746123335319702,0.9375970430253098,6.784939075236943,0.0003122895266765863,0.9942092754175097,0.7123630988750069,0.07699891825766186
protein,0.915766062201487,5041.449850013864,9195.502443658297,13310.413447121562,0.37875982365552296,0.6908502489565316,4.707357937008735,0.00013703404169628538,0.9254950005183372,0.27031273594788074,0.14347060493958017
protein,0,0,0,0,0,0,0,0,0,0,0
protein,1.335929800618463,4557.323990441061,14781.975166083348,16480.49561164254,0.27652833372447666,0.8969375384342639,5.372187479771168,0.0001968123267767622,0.9610057651479331,0.3890557461512627,0.20947653902236021
protein,0,0,0,0,0,0,0,0,0,0,0
protein,0,0,0,0,0,0,0,0,0,0,0
protein,0,0,0,0,0,0,0,0,0,0,0
protein,0,0,0,0,0,0,0,0,0,0,0
protein,1.218657787001821,4863.541610883795,7715.927464260429,10405.351436961852,0.4674077219158154,0.7415345373969724,4.299893936314633,0.0001524680154349953,0.88404186636916,0.17444857214253298,0.26669882642956144
protein,0,0,0,0,0,0,0,0,0,0,0
protein,0,0,0,0,0,0,0,0,0,0,0
protein,0,0,0,0,0,0,0,0,0,0,0
protein,1.1697162181913874,5466.9248703103785,19412.100633050628,22732.464089615158,0.24048976163599559,0.8539373715284404,6.193633434145668,0.00015620067803857692,0.9706516751895409,0.44430880693652713,0.1328370845543669
protein,0.9104898732590299,5138.995376534675,13878.593812702242,18260.22620191662,0.2814310907055072,0.7600450103540078,5.480432591970401,0.0001478975859414999,0.9595814406210181,0.3853470606849658,0.09483315545759687
protein,0.9280521646114318,5663.232290396383,11063.39191981926,15525.873889549595,0.36476093588575925,0.7125777266080968,5.097665012973984,0.00012582526904581938,0.9311012080605121,0.28137635779276576,0.11562143573254041
protein,0.7845052366055039,5601.075710649872,13260.327976481973,18271.38777812573,0.30654900321011236,0.7257427918177659,5.469761790093245,0.00012957203746377508,0.9518548779256671,0.3543716877363639,0.07628559103270932
protein,0,0,0,0,0,0,0,0,0,0,0
protein,0,0,0,0,0,0,0,0,0,0,0
protein,0.9952354022387407,2355.1257781572954,39163.80212351659,40399.777823021555,0.058295513120748946,0.9694063738439508,8.12421026144015,0.0004116155420804899,0.998299370504654,0.8356244675889715,0.059165435789827546
protein,1.1429050057000283,2290.852974088019,24403.211058038047,25223.11748228932,0.09082354612575412,0.9674938506381308,6.467630009364864,0.00042232908946209733,0.9958670008937655,0.7535206217459867,0.11878649021289175
protein,0.9599459982208548,2714.405364153039,25693.683182571436,27312.16706143973,0.09938447425452854,0.9407412866497391,6.700329552186521,0.0003465736175861388,0.9950491074701544,0.7316001089244314,0.07235542548543838
protein,0,0,0,0,0,0,0,0,0,0,0
protein,0,0,0,0,0,0,0,0,0,0,0
protein,0.9580245100682354,6456.924018472725,12352.133671012592,17493.055173737655,0.3691135684615294,0.7061164301108971,5.408235133016554,0.00010935802064431244,0.9293842981122479,0.27769424174690877,0.12373395493867823
protein,0,0,0,0,0,0,0,0,0,0,0
protein,1.1713841955904916,5256.928969206668,10961.363070573585,14289.487213178365,0.3678878668479095,0.7670928219498706,4.957867447737945,0.00014592033227826435,0.9298701615957438,0.2690464780578047,0.2245622433953578
protein,0,0,0,0,0,0,0,0,0,0,0
protein,0,0,0,0,0,0,0,0,0,0,0
protein,0,0,0,0,0,0,0,0,0,0,0
protein,0,0,0,0,0,0,0,0,0,0,0
protein,1.3491815687477164,5430.890439205586,18212.059228494763,21133.290285507846,0.25698272090313445,0.8617711195205454,6.006388568678536,0.00015867952579183363,0.9664159979828675,0.4174320842989799,0.198752098475583
protein,0,0,0,0,0,0,0,0,0,0,0
protein,0,0,0,0,0,0,0,0,0,0,0
protein,0,0,0,0,0,0,0,0,0,0,0
protein,0,0,0,0,0,0,0,0,0,0,0
protein,0,0,0,0,0,0,0,0,0,0,0
protein,1.13144018050323,2483.4115454163025,25851.754790109957,26660.191877317768,0.09315055033527965,0.9696762464828461,6.656602616241057,0.00039046135879999545,0.9956520350866734,0.7480599762772413,0.11229905114089692
protein,0,0,0,0,0,0,0,0,0,0,0
protein,0,0,0,0,0,0,0,0,0,0,0
protein,0,0,0,0,0,0,0,0,0,0,0
protein,1.1520180141160008,2760.6011416772767,24384.19833273844,25537.159657564327,0.10810133854723984,0.9548516224871403,6.515092292846004,0.0003458853972316315,0.9941398797977552,0.7117423596474757,0.12250607072060153
protein,0,0,0,0,0,0,0,0,0,0,0
protein,0,0,0,0,0,0,0,0,0,0,0
protein,0,0,0,0,0,0,0,0,0,0,0
protein,0,0,0,0,0,0,0,0,0,0,0
protein,1.273503575579232,4246.508475456955,16659.334633630235,18956.832160116457,0.2240093935310164,0.8788037206279665,5.667256048460574,0.0002069473605685906,0.9745869851428688,0.47292963644028496,0.18131491699094188
protein,0.9921882583532805,3520.0580507134346,18176.781903381252,20441.468329852945,0.17220182004111237,0.8892111667357907,5.8267738410496,0.0002526126427249028,0.9850616900349584,0.5702544803932135,0.09739913237946747
protein,0,0,0,0,0,0,0,0,0,0,0
protein,0,0,0,0,0,0,0,0,0,0,0
protein,0,0,0,0,0,0,0,0,0,0,0
protein,1.2201167722035922,5396.682413734261,6726.234772524644,10166.206053841037,0.5308452715942409,0.661626838655637,4.244657814300766,0.00012259880940405774,0.8474687590855705,0.14633293368953837,0.30037932899587966
protein,1.3486051325751074,2920.9507177817936,20566.704610306067,20688.176191215418,0.1411893774871312,0.9941284538672418,5.965982570464556,0.0003403441378915819,0.9899826057486043,0.6426445016251822,0.18293681602271378
protein,1.053338204269175,4964.138702983615,8037.784116067518,11554.624114137197,0.4296235562444599,0.6956335434774732,4.444478744990993,0.00014013177010130154,0.9030080840833395,0.21640915766581612,0.19231095874873752
protein,0,0,0,0,0,0,0,0,0,0,0
protein,1.0193965224660324,4144.62568456894,21639.945542142872,24702.91856131218,0.1677787859066959,0.876007646158608,6.377955766613956,0.00021135989419264448,0.9858246695024805,0.5791410746324991,0.09940321378028595
protein,1.125962324523369,4967.093529943047,7726.166860486578,10908.058238134623,0.4553600119751895,0.7082990108611505,4.367815914682301,0.00014259828340081046,0.8903073960683215,0.1904124329059875,0.21955480495580967
protein,1.062779765780075,3063.298980024884,20881.248881975847,22609.699840685895,0.13548605251771245,0.9235526800050782,6.1244806983233,0.0003014895659964526,0.9907792537054697,0.6482991031090516,0.11104925792208348
protein,1.142596337129884,3487.9000309673706,17911.599515197402,19848.75170759232,0.17572389852774561,0.9024043314696741,5.76490804461308,0.0002587242534068248,0.9844394910232983,0.5636158401707488,0.1497800304301883
protein,0,0,0,0,0,0,0,0,0,0,0
protein,0,0,0,0,0,0,0,0,0,0,0
protein,0.9359429095392617,2888.8346219729606,25079.664867384734,26914.109742980065,0.10733532149345744,0.9318407744817269,6.6497755834607,0.0003225663274020568,0.9942228768037357,0.7124675117074738,0.07381206417514721
protein,0,0,0,0,0,0,0,0,0,0,0
protein,0,0,0,0,0,0,0,0,0,0,0
protein,1.3082882984893682,5008.819659909427,8179.588313206394,10956.908140124953,0.457138053532345,0.7465233995393442,4.41786702887648,0.00014904178034488136,0.8893957499407442,0.18232375311756105,0.29639786525617046
protein,0,0,0,0,0,0,0,0,0,0,0
protein,0,0,0,0,0,0,0,0,0,0,0
protein,0.999617845043055,4235.1341706044495,17374.92073665053,20275.95366276923,0.2088747213099533,0.8569224918162254,5.809303983313045,0.0002023365629745617,0.9779424066874743,0.49973603455931914,0.10322191484048418
protein,0,0,0,0,0,0,0,0,0,0,0
protein,0,0,0,0,0,0,0,0,0,0,0
protein,0,0,0,0,0,0,0,0,0,0,0
protein,0.9720997682653264,4620.570493431042,8119.993577791052,11677.483434429672,0.3956820422290508,0.6953547503094901,4.442747789717122,0.00015049110305709215,0.9183875660403116,0.25057555837012285,0.15442609531948473
protein,0,0,0,0,0,0,0,0,0,0,0
protein,0,0,0,0,0,0,0,0,0,0,0
protein,0,0,0,0,0,0,0,0,0,0,0
protein,0,0,0,0,0,0,0,0,0,0,0
protein,0,0,0,0,0,0,0,0,0,0,0
protein,0,0,0,0,0,0,0,0,0,0,0
protein,1.2556014683141192,3228.1293636535393,23841.600089569623,25146.057889017888,0.12837516631437365,0.9481247595465863,6.486202887819791,0.0002937071761193348,0.991725676119035,0.66533373879029,0.1417354736640546
protein,0,0,0,0,0,0,0,0,0,0,0
protein,0,0,0,0,0,0,0,0,0,0,0
protein,0,0,0,0,0,0,0,0,0,0,0
protein,0,0,0,0,0,0,0,0,0,0,0
protein,1.1766353715479039,2683.715500560827,21261.96355862875,21936.865468260574,0.12233814828484815,0.9692343507048303,6.080136944887324,0.0003611539116207681,0.9924884772501061,0.6804939120633101,0.1338834829165689
protein,0,0,0,0,0,0,0,0,0,0,0
protein,0,0,0,0,0,0,0,0,0,0,0
protein,0.7766396627877409,5219.394331066201,12010.96717338953,16502.583534224705,0.3162774071248723,0.7278234434311445,5.213348327949458,0.00013944595814481547,0.9486667495714013,0.3402908293324302,0.08072910415498116
protein,0,0,0,0,0,0,0,0,0,0,0
protein,0,0,0,0,0,0,0,0,0,0,0
protein,0,0,0,0,0,0,0,0,0,0,0
protein,0,0,0,0,0,0,0,0,0,0,0
protein,1.0603995514899631,2902.969720802935,23535.263053552062,24933.156914299303,0.11643009069333157,0.9439343415054857,6.433543932119467,0.0003251616214737514,0.993198889438134,0.6919044906090753,0.09519626648082939
protein,0,0,0,0,0,0,0,0,0,0,0
protein,1.465447560540683,4927.001540801166,8786.06447794445,10856.55934402008,0.453827164267749,0.8092862756545349,4.449271225781502,0.0001642553323664963,0.8910897289121302,0.18002977585516353,0.36434571308821917
protein,1.447943714483539,5309.160672539203,7726.526676375108,9622.074166518734,0.5517688370157364,0.8030001164676706,4.27265783092471,0.00015124803448143172,0.8339970926198134,0.10923020223800119,0.4403545352120669
protein,0,0,0,0,0,0,0,0,0,0,0
protein,0,0,0,0,0,0,0,0,0,0,0
protein,0.9905148326602521,2719.4919395935726,25031.136290167207,26483.477683095214,0.10268636061076916,0.945160472868899,6.610371330795657,0.0003475503858305802,0.994713783630505,0.7239193177981476,0.08483210804110358
protein,1.0828697569609451,4779.415063767074,12161.293451694082,15608.103604783622,0.3062136941673211,0.7791653463888367,5.121028413738122,0.00016302525225225128,0.9519628004835076,0.3466655869764473,0.18026065778188494
protein,0.9870103413902692,5102.637636048991,7574.569728282824,11359.141292139306,0.44920980422878376,0.6668259099413208,4.400721258719299,0.0001306825915346889,0.89342629902233,0.20624032823652683,0.1719932594098079
protein,0,0,0,0,0,0,0,0,0,0,0
protein,0,0,0,0,0,0,0,0,0,0,0
protein,0.8008513922297535,5452.416462778036,11171.50044839932,16034.017197038955,0.34005305069679903,0.6967374620542625,5.12960551964068,0.00012778507782937602,0.9404062540794803,0.3156415336861483,0.0882360189491258
protein,0.88614579679306,2516.5210928847255,32915.21064935372,34570.0282079336,0.07279488109608194,0.9521314374224285,7.52230038270002,0.0003783522578509311,0.9973469332615442,0.7976113477983533,0.051653208608242525
protein,0,0,0,0,0,0,0,0,0,0,0
protein,1.1386877288170556,1763.3181601563608,40348.97660142287,40527.93812117485,0.04350870638630073,0.9955842431653716,8.15991021106365,0.0005646083989046475,0.9990530478751319,0.8760878792037904,0.07459490103563618
protein,1.3880872448696078,6114.685296420395,9928.810020031358,13348.31786752727,0.4580865811785706,0.7438248113783221,4.866343969274405,0.0001216456408335136,0.8889075790790226,0.18189133061191315,0.2990095967262049
protein,0.9776389215534784,2085.9309875551307,28281.35053566794,29313.661245602667,0.07115900569629598,0.9647839721798798,6.934377033332499,0.0004625196029666732,0.9974649848031331,0.8021837146931144,0.06972861697391225
protein,0.8309592997666619,5431.769063741481,12476.531234799753,17236.370912120758,0.31513414810085205,0.7238490804364249,5.321319753882123,0.000133262123617941,0.9490471372385832,0.3426850664829968,0.09647252908689107
protein,0.880246274476904,5408.874048587237,11897.693510017883,16517.483086062814,0.32746357422646055,0.7203091081144781,5.2203836608422565,0.00013317172883746818,0.9448638037065614,0.3266391323942144,0.10482611559226392
protein,1.474422941744656,3631.6165680836775,22622.330313122042,23351.77307296175,0.15551780829390668,0.968762853357619,6.322014569204127,0.00026675802227348397,0.9878330887875035,0.6096277482505573,0.19651899374947673
protein,1.2682718290726112,4095.809028678752,31130.986342206794,32880.619413537825,0.1245660544640591,0.9467883177830081,7.407758433730621,0.00023116026922974682,0.9922113172481238,0.6737035387502214,0.1275918150639827
protein,0.9017416168338216,5267.47077332359,12099.159942241187,16476.381991862436,0.31969826724854733,0.7343335416851147,5.221846752504015,0.00013940913453265843,0.9475194023967406,0.3343463963684195,0.10447348957331881
protein,0,0,0,0,0,0,0,0,0,0,0
protein,1.0582592596179443,4600.706523680978,16418.26871288755,19791.48660434179,0.23245886555442935,0.8295621769658156,5.734233433540235,0.00018031190920260904,0.9726062285555997,0.45847444822785666,0.12485364507608138
protein,0,0,0,0,0,0,0,0,0,0,0
protein,0,0,0,0,0,0,0,0,0,0,0
protein,1.1022037637540978,2896.975151011503,33494.98385476669,33932.92395836939,0.08537357860954325,0.9870939473374003,7.527384887734946,0.0003407326248527704,0.996349011178011,0.7682239602111379,0.08050828844940269
protein,0,0,0,0,0,0,0,0,0,0,0
protein,0,0,0,0,0,0,0,0,0,0,0
protein,0,0,0,0,0,0,0,0,0,0,0
protein,1.1235469618515428,5425.106745667066,7670.616938133603,11393.157167699212,0.4761723783682902,0.6732652613518404,4.44918701872826,0.00012410175373776103,0.8793519580231148,0.18181346389999495,0.23338256624187637
protein,0,0,0,0,0,0,0,0,0,0,0
protein,0.8372188146267387,5144.627706505911,12581.031807962161,16997.245207717056,0.30267420653378335,0.7401806383454506,5.289293154573277,0.0001438744804428542,0.9530940796684998,0.3571222352891795,0.08770633228705574
protein,0,0,0,0,0,0,0,0,0,0,0
protein,0,0,0,0,0,0,0,0,0,0,0
protein,1.0925519899314255,5432.302558533652,8487.75053629856,11922.135367812703,0.4556484548229291,0.7119320721029329,4.563039817269038,0.0001310553056336217,0.8901598090328933,0.18941874786760132,0.19228685891596284
protein,1.3472623769049619,5148.518217721369,7565.2023255328695,9892.472157859569,0.520448087754371,0.7647433528051243,4.267792800202833,0.00014853659256227404,0.853893311809396,0.13212918496343518,0.34062822200924764
protein,0,0,0,0,0,0,0,0,0,0,0
protein,1.1824337478475642,2884.4828652833903,38841.942538596326,39101.487524061355,0.07376913380874334,0.9933622733583903,8.069939823154064,0.00034438140899158923,0.9972753455776934,0.7973725063340433,0.0901303838173144
protein,0,0,0,0,0,0,0,0,0,0,0
protein,0,0,0,0,0,0,0,0,0,0,0
protein,1.038986714348343,2085.0252730917637,36125.86587753146,37070.317159859005,0.05624514255166664,0.9745227083368407,7.788124838371545,0.0004673913169847468,0.9984169890077704,0.8411970966997487,0.07056628411375025
protein,0.7992231447741406,5760.496419758623,12777.322355525108,17771.147466551054,0.3241488165354015,0.7189925343636167,5.408745612034089,0.0001248143357745102,0.9460061018506692,0.33137082002919616,0.08355689837938705
protein,0.8142066793159637,5380.980728200714,13214.751742654544,17929.429551749832,0.30012001846849357,0.7370425090498679,5.424824456901393,0.00013697178010453853,0.9539014490577478,0.3613851866761493,0.07745728547003974
protein,0,0,0,0,0,0,0,0,0,0,0
protein,0.9763873029304242,5132.816125671609,8498.507679307668,12468.499795594988,0.41166268675602724,0.6815982530881636,4.582009347690431,0.00013279225992124917,0.911336289375557,0.23752459743184393,0.14744163085827644
protein,0,0,0,0,0,0,0,0,0,0,0
protein,1.1036458105643892,5696.221012632183,12472.055386378232,16509.893772722888,0.3450186349498684,0.7554291722327225,5.285884879664195,0.00013261935773865697,0.9385958350308877,0.29794651707796843,0.16092152601105297
protein,0,0,0,0,0,0,0,0,0,0,0
protein,0.9796565960976701,4557.077941922232,9427.672466492764,13053.970212859203,0.3490951693327097,0.7222072911738188,4.675082310339896,0.0001584803464803551,0.9370872759506272,0.29837515125890296,0.1511162526409146
protein,0.9996941983371654,5078.259955114584,8630.981265987233,12563.83444752311,0.4041966627565468,0.6869703116542405,4.6084157331128885,0.00013527671244209475,0.9146721039894408,0.24373778177063335,0.1615780061417061
protein,0,0,0,0,0,0,0,0,0,0,0
protein,0,0,0,0,0,0,0,0,0,0,0
protein,0.821752458465995,5980.895576872771,10056.0890816542,15315.296542809814,0.39051777810209404,0.6566042683891293,5.026019701139082,0.00010978360346703257,0.9205953861421442,0.2673491627751927,0.09469421184122381
protein,0,0,0,0,0,0,0,0,0,0,0
protein,0,0,0,0,0,0,0,0,0,0,0
protein,1.2527803427642537,2774.53357056072,25802.16905782687,26581.37626048863,0.10437885320049706,0.9706859722000175,6.666443145292487,0.0003498555513977243,0.9945376086426039,0.7215619170212866,0.12419121202357264
protein,0,0,0,0,0,0,0,0,0,0,0
protein,0,0,0,0,0,0,0,0,0,0,0
protein,0,0,0,0,0,0,0,0,0,0,0
protein,0,0,0,0,0,0,0,0,0,0,0
protein,0,0,0,0,0,0,0,0,0,0,0
protein,0,0,0,0,0,0,0,0,0,0,0
protein,1.3865642927952626,5287.134702365932,8278.64260113558,10798.583667439338,0.48961371835346135,0.7666415204151203,4.437861097192994,0.00014500132180707577,0.8719394513382781,0.15388676834847226,0.34803623497096525
protein,0,0,0,0,0,0,0,0,0,0,0
protein,0,0,0,0,0,0,0,0,0,0,0
protein,0.9677574850859954,5863.4527796293305,11721.871725488338,16371.722313614866,0.3581451399742611,0.7159828087079346,5.230636866640549,0.00012210941839514513,0.9336659245751753,0.28855892604672384,0.12286684025551378
protein,0,0,0,0,0,0,0,0,0,0,0
protein,0,0,0,0,0,0,0,0,0,0,0
protein,0.9085742220270175,5416.251545799942,11792.22983305448,15984.706596082891,0.3388395972890246,0.7377195047135996,5.167276099078089,0.0001362048085240184,0.9408441567597748,0.30844816722673224,0.11623919344038218
protein,0.8399393867007143,5837.259126784509,11881.934064834732,16921.634062621673,0.34495835952855614,0.7021741529726627,5.278752646979665,0.00012029175640853549,0.9386179894884646,0.30800342389141505,0.08616558315188586
protein,0,0,0,0,0,0,0,0,0,0,0
protein,0,0,0,0,0,0,0,0,0,0,0
protein,1.2382954690624366,3949.190246988359,37728.63907091785,38852.141526831765,0.1016466555456409,0.9710826118777003,8.055052673425926,0.00024589410768910034,0.9948205654369968,0.7279881852772929,0.10788758044247275
protein,1.2042183629469987,5523.489892825435,7950.07949780218,11549.49815825307,0.4782450126526446,0.688348479636857,4.490140058259357,0.00012462202212607751,0.8782264559171922,0.1761769002075234,0.2603928028439874
protein,0,0,0,0,0,0,0,0,0,0,0
protein,0.9514616669211758,4837.721021822275,8527.577754824473,12213.122207473387,0.3961084593800268,0.6982307726034481,4.547084844228469,0.0001443305162604102,0.9182037292494414,0.2494279629320992,0.16206960620091523
protein,0.9332878591612598,5548.576295420774,13381.147467003015,17931.33598445451,0.3094346288659745,0.7462437533156336,5.445290994517494,0.00013449283448287568,0.9509207172307146,0.34647764579254897,0.1064921438791567
protein,0,0,0,0,0,0,0,0,0,0,0
protein,0,0,0,0,0,0,0,0,0,0,0
protein,1.315442639557665,3707.9342242985863,19512.673582385953,21341.508192304664,0.17374283911366656,0.9143062152196838,5.992009816300868,0.00024658102326306476,0.9847910569540742,0.5681160382225078,0.17777623243244872
protein,0,0,0,0,0,0,0,0,0,0,0
protein,1.0773466372782519,5759.8436475019225,12258.521613110735,16049.089705473056,0.3588891179004191,0.7638141376286494,5.239133427970671,0.00013261022075832212,0.9333802017681,0.27997759401750677,0.1557709190015672
protein,0.9417052346411319,4761.458869141895,11935.27185316158,15547.007595321174,0.30626207904952985,0.7676893305663184,5.096972702765166,0.00016122985657643,0.9519472353740303,0.3478762712459948,0.11993519546675176
protein,1.242299369340466,5384.829863615413,11366.48045415118,14699.079482368195,0.366337896878142,0.7732783857509903,5.033877352656157,0.00014360312309511032,0.9304818887602809,0.27022132349061967,0.24780880803909863
protein,0,0,0,0,0,0,0,0,0,0,0
protein,0,0,0,0,0,0,0,0,0,0,0
protein,1.1671180839997104,3313.1665567688046,26365.2692833183,27935.309719772715,0.11860138978247065,0.9437972783475841,6.813224021027785,0.0002848626116967783,0.9929419471155736,0.686951706011674,0.11346775332501316
protein,1.4869698403389775,4562.379953096679,15069.399262746352,16663.382282278322,0.2737967524125529,0.9043421682027192,5.407717306175533,0.0001982171974933618,0.9617875744510007,0.39378253220009046,0.28850116005861404
protein,0.8731716074599679,5460.110053835715,10162.090633314729,14726.686503715695,0.3707629718645856,0.6900459672819631,4.94493969289528,0.00012637949793653104,0.9287275266159286,0.2797088173958415,0.10311087170385881
protein,0,0,0,0,0,0,0,0,0,0,0
protein,0.9514564617018427,3801.4460417759565,16532.298886163877,19257.634165341195,0.19739943178573746,0.8584802652403574,5.64335667554125,0.0002258299225626502,0.9803231428109141,0.5210867401131573,0.10758363727333943
protein,0,0,0,0,0,0,0,0,0,0,0
protein,0,0,0,0,0,0,0,0,0,0,0
protein,1.055644635091108,4777.063541333163,15342.927111166602,18964.45462545759,0.25189564560008526,0.8090360315751182,5.6116631000737,0.00016935844050953018,0.9677544025876174,0.426860840765353,0.13227941120647357
protein,0,0,0,0,0,0,0,0,0,0,0
protein,0,0,0,0,0,0,0,0,0,0,0
protein,0,0,0,0,0,0,0,0,0,0,0
protein,0.8380806177524309,5672.617796822086,12701.70891996401,17704.04558582523,0.3204136460970184,0.7174466908362263,5.391543104742973,0.00012647541514927273,0.94727772875478,0.3367831996696966,0.08446271429961273
protein,0,0,0,0,0,0,0,0,0,0,0
protein,0,0,0,0,0,0,0,0,0,0,0
protein,0.899246674166313,4994.271414806254,12091.56997986163,15936.615127590027,0.31338344904621535,0.7587288695281522,5.158153978086972,0.00015191983104458212,0.9496266707837866,0.33909921927046344,0.1077213338614668
protein,0.7742055348826626,5370.813302614953,13381.183490291422,18144.01910586751,0.2960101216426801,0.737498313478084,5.4522950571879205,0.00013731594675223758,0.9551848030015374,0.36729961613586465,0.07628035396922185
protein,0.7675252614002559,5499.975636292904,11536.359569712178,16476.232138720377,0.33381270608390795,0.7001819027908007,5.196290992918813,0.00012730636444468644,0.9426394205935473,0.32289153755056754,0.0773617835100517
protein,0.8991047240898334,5399.699077677788,11485.0677809295,15880.456322345217,0.3400216573172353,0.7232202619246517,5.1380245970799105,0.00013393714196304474,0.9404176054047695,0.30961930085418,0.11082652599956788
protein,0,0,0,0,0,0,0,0,0,0,0
protein,0.9655401340737683,5719.255221617952,16786.90609050797,20988.10440094469,0.27249984621576995,0.7998295496258528,5.919780658643495,0.0001398485499654944,0.9621558261593502,0.39464040318012344,0.09936659045888027
protein,0.8139105744850148,5472.012512390599,13870.86787629496,18656.555792048184,0.29330239586466894,0.743484919237184,5.5332232121610865,0.00013587047134005402,0.9560197197652595,0.3701990211191566,0.07998463799079508
protein,0,0,0,0,0,0,0,0,0,0,0
protein,0,0,0,0,0,0,0,0,0,0,0
protein,1.3207774892236817,5123.222702490435,7539.20973813239,10431.317761720005,0.4911385904944069,0.7227475866758813,4.313569956335378,0.00014107284196811289,0.8710814456336257,0.1589179185634971,0.3013615614236402
protein,0,0,0,0,0,0,0,0,0,0,0
protein,0.835538811505439,5917.660737787565,12504.36460894769,17533.046543865996,0.337514688219309,0.713188354212314,5.377956257811695,0.00012051862819005634,0.9413202617792855,0.31496699197536326,0.08638479456111467
protein,0.8749207377066816,5081.589235442315,12012.592841987724,16064.93156268312,0.31631564788276023,0.7477525064527206,5.1646231947285175,0.00014714934084742766,0.9486539995722938,0.3366794985802761,0.10847484452868378
protein,0,0,0,0,0,0,0,0,0,0,0
protein,0,0,0,0,0,0,0,0,0,0,0
protein,1.3311268324162027,5183.703153150844,7846.892777717693,10736.837471569681,0.4827960902711707,0.7308383682341901,4.376034694940048,0.00014098769675689472,0.8757327989854392,0.16386052897449593,0.3335979411655162
protein,0,0,0,0,0,0,0,0,0,0,0
protein,0,0,0,0,0,0,0,0,0,0,0
protein,0,0,0,0,0,0,0,0,0,0,0
protein,0,0,0,0,0,0,0,0,0,0,0
protein,0,0,0,0,0,0,0,0,0,0,0
protein,0.9665464873237342,5176.306922405472,8041.142027781371,12139.801381894134,0.4263914012733072,0.6623783845240092,4.520023500678598,0.00012796350650246926,0.9045387625304875,0.22860861681643702,0.14694222970848336
protein,0,0,0,0,0,0,0,0,0,0,0
protein,0.9350717147333142,3667.8701062874384,21541.420923410267,24260.7930018438,0.1511850872314307,0.8879108329959841,6.308244370986973,0.00024207804727706503,0.9885054726195625,0.6136808615613272,0.07890518908832912
protein,1.007417752170227,3434.291694202725,28005.501967036067,30298.27091111731,0.11334942856236012,0.9243267396081022,7.052873900499119,0.0002691462525353968,0.9935551857066554,0.6982256884101369,0.07953952578920971
protein,0,0,0,0,0,0,0,0,0,0,0
protein,1.4426187602728304,5518.547504953985,16845.405568353806,19014.04170034235,0.29023537404225963,0.8859455466562116,5.773967485902943,0.00016053962493951546,0.9569552903111772,0.3681116554157373,0.2375580044404644
protein,0,0,0,0,0,0,0,0,0,0,0
protein,0,0,0,0,0,0,0,0,0,0,0
protein,0,0,0,0,0,0,0,0,0,0,0
protein,1.4865773709411296,3978.03710962578,14359.187184683653,15368.395464892876,0.25884531138680644,0.9343322285976678,5.207009180099906,0.00023487267786839774,0.9659187878766347,0.4199165420111085,0.2965181387345088
protein,0,0,0,0,0,0,0,0,0,0,0
protein,0,0,0,0,0,0,0,0,0,0,0
protein,1.148112051450925,4153.400196492406,18780.97335495876,21100.561381820975,0.19683837417097044,0.8900698429350493,5.956460871939706,0.00021429908047067636,0.9804359512246219,0.5224682161975583,0.1465587654058708
protein,1.0152369868616005,4572.330523108138,9063.711765489896,12133.764416820544,0.37682703949400087,0.7469826719995685,4.564064494965339,0.00016337022623897962,0.9262836403101302,0.26133184985723756,0.16762446186773433
protein,0.8310634108884669,5560.158239730188,11550.492023939332,16272.962421791206,0.3416807644245864,0.7097965155054995,5.186283824788179,0.00012765761061144602,0.9398160752095223,0.31037297082866433,0.09824728606778312
protein,1.1941482276968394,4349.8387773576,29260.125614405842,31708.812071617704,0.13718075491232623,0.9227758374649532,7.254519197056454,0.00021214023891375408,0.9905460314804578,0.644564940570244,0.11591056488428074
protein,1.0497156042879983,4731.029930986219,8021.1217732114355,11241.90871385776,0.4208386717421338,0.7135017706845368,4.396848360270231,0.00015081320158458645,0.907135498349787,0.22090695053593776,0.19612998160222478
protein,1.1455860372993432,5126.999236307309,17188.81547885486,20531.22963356148,0.24971710549310855,0.8372034108837336,5.875570589505569,0.00016329306330982105,0.9683188355206893,0.42916941529445407,0.15284453153018696
protein,0,0,0,0,0,0,0,0,0,0,0
protein,0,0,0,0,0,0,0,0,0,0,0
protein,0,0,0,0,0,0,0,0,0,0,0
protein,0,0,0,0,0,0,0,0,0,0,0
protein,1.0384600311639804,4405.238849124331,17031.08153719925,19932.7941518561,0.2210045824766682,0.8544251953564349,5.773347869818716,0.00019395661044037982,0.9752727692929367,0.47789639376657195,0.11712734000926348
protein,0.8338296714272245,5404.888986443326,11406.74353924819,15998.778694291848,0.33783134886238025,0.7129758937985663,5.141566420346319,0.00013191314300568796,0.941206661539231,0.31460457565716166,0.09504349862956009
protein,0.9501435460212343,2656.444024958058,30982.133022177208,32670.233210043913,0.0813108375406815,0.94832910505984,7.309290648100712,0.00035699193965693025,0.9966887917993424,0.7760185829876314,0.06186257120008132
protein,1.232643700803714,5051.948376060438,28306.401331723777,31664.192554012763,0.15954767731540373,0.8939562025287312,7.238050128425393,0.00017695275881378814,0.9871902241530047,0.5961572616462514,0.11553588449715436
protein,1.427459274888965,4715.710591555622,13610.401041235944,15376.99412091825,0.3066731088321454,0.8851145376144025,5.211042021709254,0.00018769483844054567,0.9518149002401818,0.3449237610064739,0.28753046597369364
protein,0,0,0,0,0,0,0,0,0,0,0
protein,0,0,0,0,0,0,0,0,0,0,0
protein,1.336949334663675,2779.1288354620237,27052.77568347749,27708.367855513916,0.10029926157880793,0.9763395601121282,6.808878278830865,0.0003513113705467397,0.9949573147259866,0.7315913674163723,0.13639656590893903
protein,0.7993956356529985,4915.082683341347,13705.35611199233,18040.338396906336,0.2724495835501741,0.7597061546441172,5.4348861078856325,0.00015456630205204556,0.9621700600327038,0.3993017908227286,0.08099877173322778
protein,0.762819260224225,6168.580173521733,12466.827410562146,18112.33308362245,0.34057347250860204,0.6883059931044948,5.450188383558783,0.00011158256417887016,0.9402179055003326,0.31722963588057884,0.0745189981552219
protein,1.447192989719725,3944.8419907902785,21457.826758886775,21709.850683351673,0.18170746765270956,0.9883912640330519,6.161093200930057,0.0002505528146223787,0.9833526306464225,0.5607917040030858,0.2302569615711083
protein,1.015407468747049,6582.060078468868,13009.609246433525,18094.23996483754,0.3637654906345753,0.718991749402851,5.510349089554758,0.00010923506331320275,0.9314905623909383,0.28121847685421036,0.1277940331188614
protein,1.3471637071936768,4079.8360157479283,15820.318283897675,17269.61735612657,0.23624356762604037,0.9160781016543634,5.47248475394481,0.00022453797116314366,0.9716938698763724,0.4544174264910033,0.2423263828888602
protein,1.2621221522240815,2627.0386973421573,22911.614865257838,23476.378649571285,0.11190135993952079,0.9759433176324339,6.284261664951839,0.00037149940677304105,0.9937193193471112,0.7046720858277722,0.1539755605517787
protein,1.0526028751670065,5390.260516625151,13144.203696053688,16793.465451067965,0.32097368660036524,0.7826975161471389,5.330847739625583,0.0001452058789613358,0.9470881123264985,0.32606349493626324,0.15611306048630966
protein,0.9608804810806528,5700.4439322824,11899.517548797447,16579.076346900303,0.3438336257706045,0.7177430937533642,5.247706413452021,0.000125910034776184,0.9390305840543426,0.30589011113994896,0.1179631314828402
protein,0.9419406572256048,2890.9424324567567,23540.34197665681,25153.373259024476,0.11493259383886216,0.9358721684858334,6.441654998185817,0.00032372563285202406,0.9933732928126622,0.6949443232070197,0.08098864563331126
protein,0,0,0,0,0,0,0,0,0,0,0
protein,0,0,0,0,0,0,0,0,0,0,0
protein,1.2673667731793863,3060.5461409977083,24145.635365928727,24807.602307181613,0.12337129977739539,0.9733159644750814,6.473644372515964,0.0003180203531118109,0.9923605808330135,0.678599987491671,0.13956821231712774
protein,1.1104346279734636,3726.261696637477,20637.927755066234,22770.339888644743,0.16364541394025098,0.9063513261546915,6.157533342798274,0.0002432334065459142,0.9865192235817424,0.5880534472020444,0.12391211036697693
protein,0.8560369775328812,5386.657442538045,11996.942853506684,16491.179155942078,0.32663870737206396,0.7274763520584253,5.224296920955923,0.00013505153424340612,0.9451492764882736,0.32628204658416554,0.10187171036769746
protein,1.1579571868818312,5398.593659543881,8143.326801445509,11576.588375641546,0.4663371871200961,0.703430625431927,4.498694902591598,0.00013029886481424107,0.8846070471734423,0.18223130753051972,0.2296289847947749
protein,1.2984793469470122,4038.0071007754623,20061.572102930615,21822.551130904205,0.1850382696575288,0.9193046212878492,6.082759241006919,0.00022766295312143088,0.98273131565151,0.5464095214280349,0.1744904147567796
protein,1.3250194920144782,4596.883474431028,12568.133860644508,14099.30629696982,0.3260361451555227,0.8914008672430652,5.014893374955264,0.0001939141751582896,0.9453573039079599,0.3195664101904909,0.27723362162439613
protein,0,0,0,0,0,0,0,0,0,0,0
protein,0,0,0,0,0,0,0,0,0,0,0
protein,0.9130903033596095,5065.435631117623,12014.373717548078,16120.648712871965,0.3142203345125305,0.7452785512257257,5.172037339219328,0.0001471301987626461,0.9493500836776881,0.33996552663524054,0.1115588686912067
protein,1.2932785731683238,3991.489519968785,13751.685506185064,15474.888785737225,0.25793332509424105,0.8886451913541124,5.1734084879184365,0.00022263498047742888,0.9661627191140364,0.417058223854101,0.2313376570753823
protein,0,0,0,0,0,0,0,0,0,0,0
protein,0,0,0,0,0,0,0,0,0,0,0
protein,0.9010175040116873,2667.0376585871813,36027.19137031966,37917.99453389499,0.07033699148310994,0.9501344101443674,7.856672448726651,0.0003562508414851874,0.9975232867603167,0.8038613043513841,0.0466972598874305
protein,0.8384044118451283,5728.040263165079,11415.849785021675,16248.540640581461,0.3525264446739937,0.7025769290634063,5.195414581462539,0.0001226557246081911,0.9358018517856831,0.29843746130996945,0.09379313770400523
protein,1.167781456681823,4550.171369513471,7411.295544546687,10530.098665416053,0.43211099098791683,0.7038201426248327,4.263890426133006,0.00015467991982466561,0.9018204319416591,0.21219854709415198,0.2597205297614686
protein,0,0,0,0,0,0,0,0,0,0,0
protein,0.8524601475603155,5463.75650727454,12351.791818886524,16903.27319808898,0.32323659703330426,0.7307337267839327,5.284691895669955,0.00013374200072990462,0.9463181823986735,0.33022087601175076,0.09633875522492183
protein,0,0,0,0,0,0,0,0,0,0,0
protein,1.1042771935659987,6013.200332770395,7357.727893640066,11626.613762234725,0.5171927489586281,0.6328349805116305,4.495156802113382,0.00010524096080132945,0.8558689504968722,0.16496540135523954,0.20583268678052252
protein,0,0,0,0,0,0,0,0,0,0,0
protein,0,0,0,0,0,0,0,0,0,0,0
protein,1.5067481413865,5712.341287570215,8110.203003121168,9931.606978526845,0.5751678756439803,0.8166053107675586,4.381935202838248,0.00014295457320529032,0.8180353994951508,0.09523790587692005,0.4095841155088155
protein,0,0,0,0,0,0,0,0,0,0,0
protein,0,0,0,0,0,0,0,0,0,0,0
protein,1.0483780351476346,4826.734562705896,7947.20318741486,11624.472038938387,0.41522183085286174,0.6836614308842747,4.440960935744427,0.0001416405692093849,0.9097201938965616,0.23339801550506567,0.19226144654807586
protein,0,0,0,0,0,0,0,0,0,0,0
protein,0,0,0,0,0,0,0,0,0,0,0
protein,1.0102415653356103,4370.9823744275545,9568.120844099982,12627.770050850884,0.3461404790256716,0.7577047099820496,4.634110810087871,0.00017334883673176158,0.9381826947774503,0.29624944359319044,0.16539199254245057
protein,1.430896007578673,4222.38346093341,10119.16644572803,11299.009240449303,0.3736950179505746,0.895579977888897,4.545203784319273,0.00021210294758281336,0.9275516339045066,0.2623598731798829,0.3394355715343954
protein,0.8655850343319986,4854.896906861837,12734.98234860682,16795.84520023242,0.28905344440746905,0.7582221791631298,5.259279772598899,0.00015617678268131096,0.957312961510591,0.37411486198996696,0.09588670235632664
protein,1.0391435334320989,5387.032384062298,18459.267948772816,22108.411346839257,0.24366438182960887,0.8349432104904208,6.079980797547985,0.00015499131079304928,0.969859613051082,0.43924263892881227,0.11788904466105739
protein,1.0684335923759838,5315.351622408596,7401.9491295401995,11068.106707452118,0.48024036656872743,0.6687638026254745,4.384817174363933,0.00012581741531568353,0.8771369279182892,0.179899908689944,0.2123470631123901
protein,0.9187552272498706,3019.8758785630175,39558.98630027904,41432.9543436172,0.07288584476786732,0.9547710735807848,8.227346748022088,0.00031616235632674566,0.9973402897870287,0.7974465284473009,0.05336065297845772
protein,1.3054315629252704,3121.489099998799,27510.782145281224,28333.718474838945,0.11016870598085315,0.9709555831759779,6.892716401485018,0.0003110552534610329,0.993912901728569,0.7081826968891244,0.1322596290450672
protein,1.2897018358534542,3845.6735065803978,15281.445901650977,16582.673710176317,0.23190913442507266,0.9215308802870062,5.359581160705815,0.0002396279556000162,0.9727374534632732,0.4622078503829175,0.22826938339199912
protein,1.133953031458251,2583.079025233243,30155.600976442733,30852.03898394676,0.08372474268482859,0.9774265160281171,7.157914086631491,0.00037839590135646696,0.9964889198894081,0.7714877005228631,0.10843804955297062
protein,1.0723890948549997,5211.030820597799,10636.048070672026,14514.644355689066,0.3590188428251304,0.7327804808736625,4.94598531299931,0.00014062102223175862,0.9333303115706166,0.2842843987347546,0.159993761101655
protein,1.0538687116267564,5237.648554660807,8112.698263953938,12126.059892728319,0.43193325787560133,0.6690300341349057,4.526955980784989,0.0001277348083119396,0.901905571964698,0.2213188261501403,0.17592747590566335
protein,0,0,0,0,0,0,0,0,0,0,0
protein,0,0,0,0,0,0,0,0,0,0,0
protein,0,0,0,0,0,0,0,0,0,0,0
protein,0,0,0,0,0,0,0,0,0,0,0
protein,0.958748946126091,6046.213891703503,12019.468668936688,16620.437532754557,0.3637818727568386,0.7231740226603207,5.282202500984275,0.00011960774719740663,0.9314841646821094,0.2803742297288339,0.12328972812122034
protein,0.9157377175807634,4508.643669164523,9970.909079889852,13444.99739586865,0.3353398692773217,0.741607364160122,4.739475445024844,0.00016448568983885698,0.9420972200750137,0.31230340037705084,0.13015411322952158
protein,1.3598206536584383,5138.947814471655,8189.184074162589,10830.622832522628,0.4744831293580104,0.7561138635140889,4.419096288496193,0.00014713398361135654,0.8802645965586879,0.16680094451229419,0.3178606997876093
protein,1.074606000971425,5773.096343283523,11942.713102906837,15909.03942677954,0.3628815158736563,0.7506872528585087,5.200766496923481,0.00013003199812036144,0.9318352887915532,0.27689552503373605,0.1606045101417901
protein,1.307515560840517,2622.0148559639715,26758.185114695912,27284.960459426304,0.09609744019468161,0.9806935639319059,6.756902855766868,0.000374022886140879,0.9953719314849248,0.7418967293354217,0.1372882940596143
protein,0,0,0,0,0,0,0,0,0,0,0
protein,0,0,0,0,0,0,0,0,0,0,0
protein,0,0,0,0,0,0,0,0,0,0,0
protein,0,0,0,0,0,0,0,0,0,0,0
protein,0.8682394928769497,5036.97736363047,8246.156405170403,12482.053671757767,0.4035375504775525,0.6606409988308558,4.563655419960694,0.00013115822270733611,0.9149630841485227,0.25207942109213793,0.11376041895308633
protein,0,0,0,0,0,0,0,0,0,0,0
protein,0,0,0,0,0,0,0,0,0,0,0
protein,0.9162740391090656,5719.0742261840405,10898.317973374551,15766.789919943103,0.3627291449447231,0.6912198379449125,5.116378424979614,0.00012086219038393522,0.9318946117494564,0.28888735326899373,0.1094548781522985
protein,0,0,0,0,0,0,0,0,0,0,0
protein,0,0,0,0,0,0,0,0,0,0,0
protein,0.942636832343049,3309.178105075264,26572.093657577127,28327.20052462724,0.116819807244924,0.9380416407359333,6.848299011787577,0.00028346665273085945,0.9931531264791239,0.6907124854945373,0.073381862996976
protein,0,0,0,0,0,0,0,0,0,0,0
protein,1.4577516625447886,5914.8627834939925,7911.3872974028345,10878.931766162528,0.5436988585489053,0.727220968699349,4.461528188260394,0.00012294807087135325,0.8392803769972328,0.12266619443450558,0.348029639541826
protein,0,0,0,0,0,0,0,0,0,0,0
protein,0,0,0,0,0,0,0,0,0,0,0
protein,1.068775262012415,4530.688877503946,8429.333384492944,11341.91062353423,0.3994643431683248,0.7432022402823605,4.424966858577697,0.00016403735952220285,0.9167487324982233,0.23730843952432806,0.195922313117561
protein,0,0,0,0,0,0,0,0,0,0,0
protein,0,0,0,0,0,0,0,0,0,0,0
protein,0.9286524783209229,4282.253873106572,20669.89215702914,24031.694743418342,0.17819192191093267,0.8601096334535493,6.2822618054460895,0.00020085442361444594,0.9839957514977837,0.5583830702433349,0.0853385000966172
protein,1.210417998919013,5704.388681811864,6323.260358384855,10164.765297783228,0.5611923654603123,0.6220763759064715,4.225124015945615,0.00010905224216048398,0.8276854045765574,0.14227366667194044,0.2791360996241159
protein,0,0,0,0,0,0,0,0,0,0,0
protein,0,0,0,0,0,0,0,0,0,0,0
protein,0,0,0,0,0,0,0,0,0,0,0
protein,1.2190347468133151,4827.905047243657,8503.786400484345,11383.173960717615,0.424126439945867,0.7470487958657404,4.46240248357268,0.00015473560241045851,0.9056029830664456,0.21208880561005367,0.24673055944265704
protein,0,0,0,0,0,0,0,0,0,0,0
protein,0.9851089733731173,5749.778252466828,11649.69037998248,15644.408783191539,0.3675292772101704,0.7446552018315316,5.155641204739723,0.00012951024702770965,0.9300119517475943,0.2723156816575246,0.14307656469538835
protein,1.1938576814561273,2784.7690413688683,36738.90439531816,37314.51757510974,0.07462964074943365,0.9845740152305885,7.868250529721938,0.00035355679433530894,0.9972113199927136,0.794537746154469,0.10112588197592877
protein,0.8375674871417604,5967.991965976639,12091.97959857324,17168.26772636301,0.3476175966671578,0.704321472107824,5.336317498043935,0.00011801649132960327,0.9376363935382143,0.3041316948786663,0.09586293539951415
protein,0,0,0,0,0,0,0,0,0,0,0
protein,0,0,0,0,0,0,0,0,0,0,0
protein,0,0,0,0,0,0,0,0,0,0,0
protein,0,0,0,0,0,0,0,0,0,0,0
protein,0,0,0,0,0,0,0,0,0,0,0
protein,1.3549253681422442,3592.354490977112,21094.158904289183,22276.419009811474,0.16126265578838717,0.9469277308439218,6.151304376700344,0.00026359529195192524,0.9869115238196767,0.5956019905010007,0.17464496161758358
protein,0.9504718374759749,4815.836326312376,8509.168882757936,12170.515364670904,0.39569699244552886,0.6991625767515744,4.53233033709968,0.00014517988764102026,0.9183811246805778,0.2496454610714233,0.154858292385609
protein,0,0,0,0,0,0,0,0,0,0,0
protein,0,0,0,0,0,0,0,0,0,0,0
protein,0,0,0,0,0,0,0,0,0,0,0
protein,0,0,0,0,0,0,0,0,0,0,0
protein,0,0,0,0,0,0,0,0,0,0,0
protein,0,0,0,0,0,0,0,0,0,0,0
protein,0.881454244262364,4524.2413129363995,8715.589322788966,12379.112803208282,0.36547379322400686,0.7040560548515364,4.54328751343793,0.00015561859020171893,0.9308216297800862,0.28244258659221494,0.13647362874875746
protein,0,0,0,0,0,0,0,0,0,0,0
protein,0,0,0,0,0,0,0,0,0,0,0
protein,0,0,0,0,0,0,0,0,0,0,0
protein,0,0,0,0,0,0,0,0,0,0,0
protein,0.991891005762943,3211.4988813300774,21498.17048717602,23672.356623903044,0.1356645192683217,0.9081550615652837,6.243550646549674,0.00028278230668078616,0.9907548325452141,0.6474449134770757,0.0872473706029177
protein,0.9630534956118636,4779.906452773812,8774.61796588386,12595.763798519902,0.37948524037386977,0.6966324635997814,4.586436919398129,0.00014574186136959245,0.925197790928181,0.268035876067689,0.14946443761920597
protein,1.2992683078587282,5550.828885055807,7362.081585135555,10583.911285825969,0.5244591281192528,0.6955917700288072,4.3510510114100684,0.0001253131351069947,0.8514356246554364,0.14125229754114452,0.31290662922829904
protein,0,0,0,0,0,0,0,0,0,0,0
protein,0,0,0,0,0,0,0,0,0,0,0
protein,0,0,0,0,0,0,0,0,0,0,0
protein,0,0,0,0,0,0,0,0,0,0,0
protein,0,0,0,0,0,0,0,0,0,0,0
protein,0,0,0,0,0,0,0,0,0,0,0
protein,0,0,0,0,0,0,0,0,0,0,0
protein,0,0,0,0,0,0,0,0,0,0,0
protein,0,0,0,0,0,0,0,0,0,0,0
protein,1.0158020863537651,5575.273827707946,11742.008544480983,16311.317654075021,0.3418040127687102,0.7198687925464747,5.201056584893589,0.00012911810518953835,0.9397712577298836,0.308024578905288,0.12982306590218082
protein,0,0,0,0,0,0,0,0,0,0,0
protein,0,0,0,0,0,0,0,0,0,0,0
protein,0,0,0,0,0,0,0,0,0,0,0
protein,0,0,0,0,0,0,0,0,0,0,0
protein,0.9678825864655466,4177.364233644983,8937.792117822792,11933.32075626476,0.3500588242758788,0.7489777824945019,4.492419225848747,0.00017929434461619282,0.9367277190019464,0.292591307957898,0.15842153719810279
protein,0,0,0,0,0,0,0,0,0,0,0
protein,1.0545437192479796,5248.90600662434,12073.567687050316,16108.014521249688,0.32585679629851244,0.7495379192216935,5.189923702261292,0.0001427988838580354,0.9454191389569336,0.323502869686964,0.15626287744726994
protein,0,0,0,0,0,0,0,0,0,0,0
protein,1.2003505778798962,2945.6008055028387,23279.40969868694,24494.524273798223,0.12025548128949563,0.9503923994796221,6.392595789946989,0.0003226480647697209,0.992742977421564,0.6836200050834371,0.12739176205648092
protein,1.1085271870036946,2319.8929365722556,33423.654866046316,33677.08820775159,0.06888638715618758,0.9924746064700765,7.4788342434100725,0.0004278105212633225,0.9976245113591425,0.8095833042379902,0.09107101273561206
protein,0,0,0,0,0,0,0,0,0,0,0
protein,0,0,0,0,0,0,0,0,0,0,0
protein,1.3566037930624113,3232.4914798295263,22821.286741530414,23348.64477901758,0.13844450118725635,0.977413762448385,6.309046651115556,0.0003023716438380006,0.9903701934584924,0.6462827372715514,0.1790341333624994
protein,0,0,0,0,0,0,0,0,0,0,0
protein,0,0,0,0,0,0,0,0,0,0,0
protein,0.8816621950878732,1910.2795700086979,30368.09873920769,31465.9018709828,0.0607095127240042,0.9651113406418049,7.166551471706263,0.0005052199457053349,0.9981554763987491,0.8291652922246078,0.05486865572331695
protein,0.9976642642019813,2520.001602129483,48403.040514859145,49095.13926735712,0.05132894294089533,0.9859029068289425,8.976955876575614,0.000391231063502429,0.9986818009839623,0.8546843266796037,0.052012070845416244
protein,0,0,0,0,0,0,0,0,0,0,0
protein,1.006035749630399,2648.9102959709567,23095.80048762323,24643.366435435026,0.10748979052480644,0.9372015202603761,6.3716734044177725,0.0003538064394577187,0.994206188339689,0.7122813876413048,0.0929596481698727
protein,0.9157184216946684,3543.0929466189687,25288.273304525697,27821.277153593044,0.1273519158397582,0.9089544367397879,6.756156533028092,0.00025654264520697,0.9918575953895514,0.6659553691205595,0.0680216826228242
protein,0,0,0,0,0,0,0,0,0,0,0
protein,0,0,0,0,0,0,0,0,0,0,0
protein,0,0,0,0,0,0,0,0,0,0,0
protein,1.089855789981024,2608.318341960046,23299.613922374243,24529.19465492902,0.10633526206845594,0.9498727638696569,6.374773866549368,0.00036417056483828804,0.9943303334610851,0.7155666892489506,0.10487106945413659
protein,1.0777142861612978,5185.5781235339355,6675.035049424686,10434.782954931266,0.4969512203493736,0.639690837677673,4.238353832014425,0.00012335959895667874,0.8677784766824239,0.17666340816712567,0.22657779237299822
protein,1.0332265241679737,5647.010992241485,6868.969752303343,11199.623666178362,0.5042143522460348,0.6133214790999523,4.3712607413493165,0.00010860993186352993,0.8635785355074033,0.1816377639772449,0.2016451424509308
protein,1.0348681975820992,5238.9095579779005,7399.291692392656,11330.737397860807,0.4623626313117965,0.653028256906705,4.390981291084429,0.00012464965269581003,0.8866909253885662,0.19924415849254523,0.19040583063846397
protein,0,0,0,0,0,0,0,0,0,0,0
protein,1.394937085624708,5751.885942828682,15894.595584043094,17632.000891772335,0.326218560113203,0.9014629525943383,5.625575578005645,0.00015672476150509578,0.9452943726890943,0.3202364511127303,0.25629512980991903
protein,0,0,0,0,0,0,0,0,0,0,0
protein,0,0,0,0,0,0,0,0,0,0,0
protein,1.234202891671678,2910.30264677871,23629.314626990308,24479.32424186298,0.11888819389065061,0.9652764264865187,6.411436360077693,0.0003316756171578726,0.992907647947894,0.6878570251222054,0.1544836716577291
protein,0,0,0,0,0,0,0,0,0,0,0
protein,0,0,0,0,0,0,0,0,0,0,0
protein,0,0,0,0,0,0,0,0,0,0,0
protein,1.1940680681111921,4439.954679189159,20787.680409907545,23156.332146591154,0.19173825332449143,0.8977104093304216,6.243675901010459,0.00020218909295136427,0.9814460974562347,0.532387208527298,0.14129952382035815
protein,0,0,0,0,0,0,0,0,0,0,0
protein,0,0,0,0,0,0,0,0,0,0,0
protein,0,0,0,0,0,0,0,0,0,0,0
protein,0,0,0,0,0,0,0,0,0,0,0
protein,0.8774970801657763,4972.65365347747,11733.015152000495,15973.199405416099,0.31131231303550694,0.7345438352207719,5.131249323643473,0.00014771666928926203,0.9503076574207336,0.34589792939215513,0.09948772982854019
protein,1.1062876544822917,5266.308141756054,7442.733252885974,11179.12921230858,0.47108393164985335,0.6657703933407698,4.387135617969829,0.0001264207060088148,0.8820883908890969,0.1880642526513662,0.2125065588306964
protein,0,0,0,0,0,0,0,0,0,0,0
protein,1.0082685404904026,2363.3279546812732,32116.797956402374,33290.14245784623,0.07099182461216097,0.964753995783298,7.3894006846175655,0.0004082184166917317,0.9974768973957423,0.8026083642922943,0.06952123057588287
protein,0,0,0,0,0,0,0,0,0,0,0
protein,0,0,0,0,0,0,0,0,0,0,0
protein,0,0,0,0,0,0,0,0,0,0,0
protein,0,0,0,0,0,0,0,0,0,0,0
protein,0,0,0,0,0,0,0,0,0,0,0
protein,0,0,0,0,0,0,0,0,0,0,0
protein,1.051651809724388,5419.845531919303,6803.210327558382,11040.203451262336,0.49091899038324316,0.6162214634532395,4.336421342080359,0.0001136972372780927,0.8712052254670521,0.19015597354790414,0.1903370129058546
protein,0,0,0,0,0,0,0,0,0,0,0
protein,0,0,0,0,0,0,0,0,0,0,0
protein,1.0369192060055357,3829.5271383594995,11220.115972939562,13563.993935181388,0.2823303487645129,0.827198539497837,4.801491294145976,0.00021600539952099516,0.9593172437554265,0.3783236887790308,0.17013729223526056
protein,1.0932164714405261,4064.6361221507764,20522.097163405266,23087.79975134519,0.1760512550319549,0.8888719316880581,6.197732642278842,0.00021868425732971079,0.9843810012396996,0.5625610892602846,0.11122171720482564
protein,1.0978617070412238,4806.773218004566,8440.701697797782,11796.341281075196,0.40748000617073066,0.7155355628222754,4.492001241562038,0.00014885985470296755,0.9132141285433013,0.23380314039076563,0.1982301795606673
protein,0.8956489922105826,5008.121451511205,7666.136968018113,11771.032915009171,0.4254615111240901,0.6512713899765814,4.4379992295437525,0.00013004305032979175,0.9049765204423846,0.23311720561488075,0.1448716904366612
protein,0,0,0,0,0,0,0,0,0,0,0
protein,1.346237618530766,5642.585569763508,11428.422541336588,14914.176068148992,0.3783370629379872,0.7662791755384565,5.076495922455669,0.0001358028453559762,0.9256679030880661,0.2572474841615146,0.24893639707291534
protein,1.2505370121070865,2857.976396395431,18311.611795507954,19313.501463861703,0.14797815930700653,0.9481249078408477,5.711187769577587,0.0003317469343122121,0.9889906290598057,0.6231118378962758,0.16707622739494957
protein,0,0,0,0,0,0,0,0,0,0,0
protein,0.9945002707617434,5036.538281408839,34696.71120904109,38207.18138471618,0.13182177011946708,0.908120147876719,7.924484402617756,0.00018030641228893753,0.99127343398407,0.655945904228148,0.06898874545899975
protein,0.9968845402409386,4101.7279210889255,19464.923106008675,22304.580018922203,0.18389621851696844,0.8726872727258487,6.079387294252541,0.00021276088748816083,0.9829456652405357,0.5469475247338218,0.09585928277540216
protein,0,0,0,0,0,0,0,0,0,0,0
protein,1.005728527343525,3087.1520648935084,22023.08191168146,24048.83536433104,0.12837012762257657,0.9157650080779315,6.293488456741835,0.00029663747973150814,0.9917263283457606,0.6637926042632174,0.0938463549676465
protein,1.036919834493599,3780.7712767809367,19374.058461548204,21811.750131110097,0.17333644728436637,0.8882395197584345,6.01914134898924,0.00023493606323488279,0.9848626686207749,0.5679634476374527,0.1142556655433907
protein,0,0,0,0,0,0,0,0,0,0,0
protein,1.2871885357307569,4901.999992519644,8087.436428341248,10414.096506787351,0.4707081396187161,0.7765855082167031,4.342404988023763,0.00015842217654054617,0.8822889817382326,0.16776130627034397,0.31122893209261243
protein,1.2536035692128642,2808.200237111884,24057.06909610999,25033.75144329459,0.11217656464605003,0.9609853781045585,6.466498715220354,0.00034220685740447474,0.9936882903326428,0.7027588831911143,0.14424646750832426
protein,0,0,0,0,0,0,0,0,0,0,0
protein,0,0,0,0,0,0,0,0,0,0,0
protein,1.3109117063650206,2995.775755657564,23616.879589728283,23742.60660423886,0.12617720562841303,0.9947045824998789,6.3695982881982305,0.0003320357275144395,0.9920077181049577,0.674916419022914,0.16072632035846346
protein,0,0,0,0,0,0,0,0,0,0,0
protein,0.9401200062914159,5242.3469082805805,8678.370656106374,12972.209710095089,0.40412135059772736,0.668997098416686,4.651105852113355,0.00012761404579310988,0.9147053809785252,0.24886730228623305,0.14360306989051547
protein,0,0,0,0,0,0,0,0,0,0,0
protein,0,0,0,0,0,0,0,0,0,0,0
protein,0,0,0,0,0,0,0,0,0,0,0
protein,0.9709018494559559,2341.6824856647177,26452.70886446211,27432.62571502997,0.08536122316507752,0.9642791448129233,6.730729479537342,0.00041178902379636665,0.9963500697946288,0.7666398271868393,0.07458344231056147
protein,0,0,0,0,0,0,0,0,0,0,0
protein,0,0,0,0,0,0,0,0,0,0,0
protein,0.7993411610772674,4995.86595133118,12970.828473217698,17231.543245412624,0.289925625359248,0.7527374819821079,5.334044715200933,0.0001506720735334254,0.957049179384241,0.37365814723678026,0.08326934548652312
protein,1.139191408467494,3830.4130385129633,27833.70812617199,29651.015637973476,0.12918319848738766,0.9387101091581465,7.028675035267202,0.0002450675944656274,0.9916207446542091,0.6629333966829087,0.1114427741559314
protein,1.0449229148698536,4897.880039517263,7998.870968217617,11690.26408440368,0.41897086363101643,0.6842335562709094,4.450845485376991,0.0001396999417605883,0.9079996780992161,0.22953370745650165,0.18246413898818062
protein,0,0,0,0,0,0,0,0,0,0,0
protein,1.2710146830960676,4914.577262523653,8419.855132952884,11107.46005084596,0.4424573430853214,0.7580360491426313,4.437690687758646,0.00015424237094064467,0.8967895514276905,0.19371074301964852,0.2931759194047412
protein,0,0,0,0,0,0,0,0,0,0,0
protein,0,0,0,0,0,0,0,0,0,0,0
protein,0,0,0,0,0,0,0,0,0,0,0
protein,1.1627220491803418,2830.266655476593,29695.99119377543,30360.513231932287,0.0932219634712829,0.9781122923357589,7.118184851979298,0.0003455901550629875,0.9956453512805445,0.7485301102366767,0.10249834852976451
protein,0,0,0,0,0,0,0,0,0,0,0
protein,1.1440945364430501,4127.170356845391,8507.88289545695,11122.787510673035,0.3710553989173221,0.7649056396423186,4.375151512501976,0.0001853341571843851,0.9286107316493316,0.26563564682745006,0.22497674853811142
protein,0,0,0,0,0,0,0,0,0,0,0
protein,1.294641669721186,5465.063120677336,8527.919020810625,11163.06824042066,0.4895663990379221,0.7639404182742204,4.498403544733894,0.0001397862021728192,0.8719660205151587,0.15420445075668698,0.29286912937830556
protein,0,0,0,0,0,0,0,0,0,0,0
protein,0,0,0,0,0,0,0,0,0,0,0
protein,0,0,0,0,0,0,0,0,0,0,0
protein,1.4520314056235766,5697.829780486557,8207.803997099265,10626.51483915832,0.5361898860283205,0.7723890778238793,4.445876631059287,0.0001355584683257987,0.8440973913719534,0.12110493728567165,0.378604453938587
protein,1.1002601361040418,5076.853579340926,8415.9429754107,11702.714417341816,0.4338184628189958,0.719144522824502,4.501930332500141,0.00014165161779549704,0.9010003003980429,0.2074763312861003,0.2108112389021318
protein,0,0,0,0,0,0,0,0,0,0,0
protein,0,0,0,0,0,0,0,0,0,0,0
protein,0.9716878199495335,4690.684330669505,33445.59331939618,36644.98722608881,0.12800343746142848,0.9126921811446322,7.7622212435799085,0.00019457548553781343,0.9917737241921961,0.6645491578069723,0.06627801499613262
protein,1.1316528707495335,3358.516819281918,27158.570968888864,28658.741195687835,0.11718996296275777,0.947654008368494,6.904969889063652,0.000282164437268208,0.9931095169117993,0.6903888183044361,0.11131235846643142
protein,0,0,0,0,0,0,0,0,0,0,0
protein,0,0,0,0,0,0,0,0,0,0,0
protein,0,0,0,0,0,0,0,0,0,0,0
protein,0,0,0,0,0,0,0,0,0,0,0
protein,0.9924985866254469,5580.4692605166665,7330.191399003233,11307.770599292535,0.49350747006362206,0.6482437306839106,4.413774985316628,0.00011616294265258494,0.8697415575855871,0.17623798231093657,0.16889835917265772
protein,0.9931151389999835,4809.467287635805,13222.604021461713,16549.49452356814,0.2906111289856401,0.7989732860197873,5.274235429631448,0.0001661251107942434,0.9568412468689316,0.36738877996068015,0.13266596443241074
protein,0,0,0,0,0,0,0,0,0,0,0
protein,0,0,0,0,0,0,0,0,0,0,0
protein,1.2145383075511698,5355.343433358711,8855.168020083023,12305.495657364501,0.4351993273959416,0.7196108362188116,4.618396849214996,0.00013437249079794182,0.900334129884078,0.206110908109081,0.24966648050443807
protein,1.0688729789238522,5352.716831640987,8196.757436280524,12219.73796709403,0.4380385934669853,0.670780131157738,4.556592436623509,0.00012531582601056374,0.8989561672481398,0.2151304006371967,0.19408504454060285
protein,0,0,0,0,0,0,0,0,0,0,0
protein,0,0,0,0,0,0,0,0,0,0,0
protein,0,0,0,0,0,0,0,0,0,0,0
protein,0,0,0,0,0,0,0,0,0,0,0
protein,1.0298381786788722,5020.307342186365,8151.08157843468,11907.551929860818,0.4216070080363735,0.6845304245950036,4.495150216590629,0.00013635229437903052,0.9067786558883141,0.22687521556429277,0.1699660346391159
protein,0,0,0,0,0,0,0,0,0,0,0
protein,0,0,0,0,0,0,0,0,0,0,0
protein,0,0,0,0,0,0,0,0,0,0,0
protein,0,0,0,0,0,0,0,0,0,0,0
protein,1.0526947289873936,4858.425815097531,18241.38686203685,21609.058556546875,0.22483283121214823,0.8441546314617336,6.001868369744935,0.00017375064755306704,0.9743973511915606,0.47129173334741026,0.11211521580953707
protein,1.3036992108569236,5393.579486414706,8501.248794176816,11373.044119393815,0.4742423778359689,0.7474910591158362,4.508390462301846,0.00013858905036972372,0.8803943247570865,0.1680868415491532,0.29542622438843463
protein,1.0819707918833261,5036.676790341731,7424.196120459484,11046.787250066263,0.4559404174559005,0.6720683536668048,4.352054402760631,0.00013343487812351882,0.8900103009123767,0.19885573626079228,0.21051223831123234
protein,0,0,0,0,0,0,0,0,0,0,0
protein,1.0177776989391096,4587.196098238843,8057.478090348399,11470.235766475771,0.3999216922502944,0.7024683933610248,4.404331577185293,0.00015313676989538836,0.9165493113126324,0.24441092890737393,0.17883770681626954
protein,0.9008501460276471,5430.128998334568,12532.310281255239,16976.14360192739,0.31986822953818894,0.7382306945042796,5.305694706095456,0.0001359508576556278,0.9474620392037374,0.3334125080821259,0.10251987028710709
protein,0.9858332024235952,4680.72898656931,10976.196778432346,14558.869526332652,0.32150360150582213,0.7539182048839493,4.9340850190334695,0.00016106854446117495,0.9469083557656387,0.328690160959366,0.13981937556398832
protein,1.0959063541690346,5812.291634803708,6529.128931175315,10687.187926570916,0.5438560334803278,0.6109304876114635,4.307481907560544,0.0001051100884121579,0.8391785357401871,0.15676638364318018,0.22860569096354108
protein,0,0,0,0,0,0,0,0,0,0,0
protein,1.079154179813159,4875.97769215122,8836.153106677231,12157.986821858265,0.40105140461124145,0.7267776512794974,4.561801529031341,0.00014905270228150944,0.9160555500947255,0.23830759271973148,0.18667657022252654
protein,0,0,0,0,0,0,0,0,0,0,0
protein,0,0,0,0,0,0,0,0,0,0,0
protein,0,0,0,0,0,0,0,0,0,0,0
protein,0,0,0,0,0,0,0,0,0,0,0
protein,1.3350420047740261,5895.998742060658,7200.8936752432,10642.984654543658,0.5539798217733559,0.6765859304484692,4.373497137987498,0.00011475340481704407,0.8325300937911858,0.1280545918764832,0.32990227406403033
protein,0,0,0,0,0,0,0,0,0,0,0
protein,0,0,0,0,0,0,0,0,0,0,0
protein,1.4716029172717227,5592.644433131481,8608.11951808214,10860.274800163716,0.5149634365648992,0.7926244663673128,4.493545543745444,0.00014172623985742998,0.8572121435218175,0.1334697719821591,0.36202913906030076
protein,0,0,0,0,0,0,0,0,0,0,0
protein,0,0,0,0,0,0,0,0,0,0,0
protein,0.8643052835283668,6107.207237063993,10988.632423034644,16419.186454587576,0.3719555322643661,0.66925559639798,5.196481611705638,0.00010958455647883354,0.9282505491611259,0.28427358619686943,0.09336926606057831
protein,0,0,0,0,0,0,0,0,0,0,0
protein,0.9916844645767615,3501.654309499569,16888.33288712216,19124.203738439246,0.18310065911195653,0.8830868525614464,5.6424297514222355,0.0002521913285859593,0.9830941707856715,0.5485771853358594,0.11402120776411133
protein,0.9823778192758017,2888.492916032963,20451.71510387064,22096.84499561328,0.1307196985183357,0.9255491047672537,6.0505477364489,0.0003204263024603144,0.9914193665746476,0.6588767454136075,0.10054110408749936
protein,0.8118732819682882,4436.5031424239905,12467.269375124404,16151.018660488011,0.27468875095027223,0.771918455250407,5.160678719468445,0.00017399254107789287,0.9615331976075394,0.39408621960616896,0.08928048629970338
protein,0,0,0,0,0,0,0,0,0,0,0
protein,0.8790428987237441,5108.078586987028,12104.782238777329,16402.72156249991,0.3114165272832025,0.7379740119744165,5.20427136344167,0.00014447193781521407,0.9502735114349292,0.3451218247549765,0.10218070143373455
protein,0.878216884649947,5536.402037561713,11265.704022435004,15633.633828373317,0.35413404831791284,0.7206068752863456,5.112125632944858,0.00013015797451077237,0.9351946726869044,0.29248385694135304,0.11135190154615714
protein,1.0099338065028194,2464.337339205204,34672.336196967284,36174.68953680961,0.06812324779450046,0.9584694890521838,7.685555462088232,0.0003889359925704443,0.9976769131887984,0.8097413513728754,0.06564976686588302
protein,1.0315280420850796,2941.796405495024,27136.70455764319,28536.35056820183,0.10308944020238803,0.9509521721352039,6.872162944275365,0.00032325560339896626,0.9946720903487533,0.7232491170279784,0.08337662673404109
protein,0.8020720577404997,4767.619493941752,12317.601791927798,16384.89692715413,0.2909764715114283,0.7517655952729406,5.192998975147729,0.00015768154237732573,0.9567302091116173,0.37224990541649794,0.08711317071826702
protein,1.0977115981123615,4811.907292304025,16675.85482486804,20024.569140420263,0.24030016618889588,0.8327697194346755,5.783332680624901,0.0001730643731990794,0.9706986299205275,0.4449580250005637,0.13357089883189086
protein,1.3064221043151243,4167.670387017284,15150.519601691049,17222.043576829226,0.24199627462472137,0.8797167150404128,5.425943576401722,0.0002110811636593958,0.9702771784741495,0.4423806982223518,0.2239200296915212
protein,1.2832158132136156,4699.348273280691,13503.927701345197,15851.951409602429,0.2964523516287104,0.8518779393409635,5.238193121712576,0.00018127576204226585,0.9550476444731998,0.35768548154735363,0.20949452068933902
protein,1.0012387097624653,4981.99056788819,9138.881227639811,13125.098966145293,0.3795773716250575,0.6962904623586093,4.681535574751873,0.00013976149751197925,0.9251599964061422,0.2680159887123083,0.15420906741300347
protein,0,0,0,0,0,0,0,0,0,0,0
protein,1.022294014287127,2538.298952704803,28839.501444441943,29935.819595715693,0.08479136322254144,0.9633777138531844,7.028588097280626,0.0003795367416539381,0.9963987277806325,0.7679920543277455,0.07603944741607575
protein,1.195683852633744,5086.0713697237225,17550.05853950718,20452.636846611724,0.24867558192460176,0.8580829294103758,5.892120851213605,0.00016871232568979608,0.9685868339774502,0.4307855905526262,0.1416037180979714
protein,0,0,0,0,0,0,0,0,0,0,0
protein,0,0,0,0,0,0,0,0,0,0,0
protein,0,0,0,0,0,0,0,0,0,0,0
protein,1.0567644496430204,3674.302485647469,17528.37669866589,19830.128931665546,0.18528888532742696,0.8839265119792475,5.749833030879564,0.00024056988106777662,0.9826840941900502,0.544332743652858,0.12572490838622438
protein,1.1631962158134421,2907.400170972201,25588.085995689085,26489.572291617642,0.10975640297115022,0.9659682577731229,6.655979249234938,0.0003322446863068438,0.9939585162404085,0.7087123033611923,0.11294071413178242
protein,0,0,0,0,0,0,0,0,0,0,0
protein,1.3514310750177656,2506.8201963176375,18261.42813732866,18651.42078314417,0.13440371248195332,0.97909045909425,5.635677088201467,0.000390570676162763,0.9909266582704638,0.6551316242613823,0.21075141006311654
protein,1.1551719893098893,4658.7642499088415,9016.12958869194,11875.619843661341,0.3922965126233369,0.7592133890598001,4.544603621854336,0.00016296454345691685,0.9198388153277552,0.24277828433404477,0.219830648105939
protein,1.316511204656514,5398.550833200144,8303.178625098986,11393.630626646036,0.47382182292048947,0.7287561706345406,4.5039432332902365,0.00013499107318816332,0.8806207356883577,0.1712629376396951,0.31537799350866347
protein,0,0,0,0,0,0,0,0,0,0,0
protein,0,0,0,0,0,0,0,0,0,0,0
protein,1.0836186019292842,4925.671436415518,17277.324437460335,20781.800244710925,0.2370185151630031,0.8313680352046259,5.885007888847971,0.0001687826819016626,0.9715051330126493,0.45057438817897766,0.12464611689884549
protein,0,0,0,0,0,0,0,0,0,0,0
protein,0,0,0,0,0,0,0,0,0,0,0
protein,0.9129111299286538,4337.841053034427,14389.119424526263,17835.668701234357,0.24321157371207602,0.8067608602491272,5.42760610983627,0.00018598211653808247,0.9699732627307288,0.44149093839580156,0.10579637740619358
protein,0.7476012601257547,6015.968787397202,13180.29133341258,18669.692761665454,0.32223180446492466,0.7059725889263544,5.523496190825654,0.00011734977588402553,0.9466607967964442,0.33696841421906065,0.07470201025088004
protein,0,0,0,0,0,0,0,0,0,0,0
protein,0,0,0,0,0,0,0,0,0,0,0
protein,1.082033321443235,3167.5588216645547,26624.539329537558,27974.64862029704,0.11322961959802164,0.9517381144233601,6.822264748702103,0.00030046422750350726,0.9935688467568251,0.6996976158679142,0.09115509484152662
protein,0,0,0,0,0,0,0,0,0,0,0
protein,0,0,0,0,0,0,0,0,0,0,0
protein,1.5968800521952744,5313.105198326805,8263.412268501332,10248.591192066397,0.518422981144937,0.8062973840636921,4.381341031337118,0.00015175633720138085,0.8551243258268335,0.13038032129497085,0.4402266308817317
protein,0,0,0,0,0,0,0,0,0,0,0
protein,0,0,0,0,0,0,0,0,0,0,0
protein,0,0,0,0,0,0,0,0,0,0,0
protein,0.8552830268725387,5631.622606196049,12194.349116025429,17023.32608700398,0.33081799510939086,0.7163317587703903,5.294612744430551,0.00012719811124812673,0.9436945767099667,0.3230359438696743,0.09705276489705685
protein,0,0,0,0,0,0,0,0,0,0,0
protein,0,0,0,0,0,0,0,0,0,0,0
protein,0,0,0,0,0,0,0,0,0,0,0
protein,1.1923622932569418,2845.3762248687344,28027.064107523158,29062.223410744416,0.097906350269704,0.9643812763878707,6.949101423174635,0.00033892926635118717,0.995195632314002,0.7363316741432678,0.10996614296431821
protein,0,0,0,0,0,0,0,0,0,0,0
protein,0,0,0,0,0,0,0,0,0,0,0
protein,0,0,0,0,0,0,0,0,0,0,0
protein,0.9123425522674419,3625.0322684123853,16357.79920499727,19001.499228318648,0.19077611849752696,0.8608688718950465,5.604471370748874,0.00023747895415895747,0.9816335734942125,0.5336940383399006,0.08820879222745069
protein,1.2246142748948,4891.37629042498,11214.25015798151,14313.632755867673,0.34172850273944805,0.7834663882503473,4.950669456056497,0.00016017299461994103,0.9397987180324598,0.29905790232654444,0.22180151912221602
protein,1.042999329734648,5609.730873707282,7882.924366209698,12005.348984886159,0.4672692881122836,0.6566176773481315,4.532551090641295,0.00011704976444158631,0.8841150447690841,0.1940041440661072,0.17412901392948596
protein,0.92960236705997,2423.8035163472646,25517.007041263143,26452.122835150305,0.09162982991771262,0.9646487429491083,6.620043667484549,0.0003979896622985592,0.9957931382919101,0.7513918237331358,0.07196109713313109
protein,0,0,0,0,0,0,0,0,0,0,0
protein,1.4556886184541549,3628.426704456451,17441.03933956937,18523.09349135278,0.19588664853148452,0.9415835075124709,5.648022302856094,0.0002595018679462406,0.980626545085897,0.5279636689567212,0.21768366729965033
protein,0.9780041825940162,3356.123530332014,18684.965018443025,20722.625313734134,0.16195455351439997,0.9016697805204908,5.869854297424408,0.0002686640620857274,0.9867982177709643,0.5913604311284588,0.10877566126586373
protein,0,0,0,0,0,0,0,0,0,0,0
protein,0,0,0,0,0,0,0,0,0,0,0
protein,0,0,0,0,0,0,0,0,0,0,0
protein,0,0,0,0,0,0,0,0,0,0,0
protein,0.9500547555145703,3908.59661551287,16185.078029391414,19118.234921786865,0.20444338253520933,0.846578049469783,5.62080617997173,0.00021659386545794736,0.978878390474303,0.5081362461961823,0.0992257045396793
protein,1.1223589328422283,2241.744730227466,32893.99303519099,33545.29904158917,0.06682738846501772,0.9805842837891923,7.4388882580913895,0.00043742013556097184,0.9977645514603862,0.8140184511056118,0.08165063679451091
protein,0,0,0,0,0,0,0,0,0,0,0
protein,0,0,0,0,0,0,0,0,0,0,0
protein,1.2503959374023903,5604.822231338098,7989.32301163325,11359.283939512985,0.4934133402407404,0.7033298097112081,4.483887749866662,0.00012548655080953295,0.8697949618573767,0.16109983761931063,0.26530975182882643
protein,0,0,0,0,0,0,0,0,0,0,0
protein,1.198592188363683,2581.5236941528105,23931.106182124917,24718.591356602996,0.10443652135797037,0.9681419882258897,6.424760873125371,0.00037502734932038224,0.9945315545555335,0.7212229340125783,0.12779172422919577
protein,0,0,0,0,0,0,0,0,0,0,0
protein,0,0,0,0,0,0,0,0,0,0,0
protein,0,0,0,0,0,0,0,0,0,0,0
protein,1.0405431483688807,4933.446210212309,11832.579112716548,15433.284800869538,0.31966274671056094,0.7666922023009567,5.093459968788022,0.00015540702576505083,0.947531386480395,0.329495478622804,0.16163051744978094
protein,0.8227617293660664,5441.995130117877,10830.053809083567,15265.448094009598,0.356491017925206,0.7094487985146961,5.040843624522415,0.00013036557026454543,0.9342987499395738,0.2919809452317351,0.09942898783640794
protein,0.8805813086462261,5782.30390313365,12235.965743299712,16956.16240893076,0.34101489262028584,0.721623528261033,5.304109975852642,0.00012479861666730416,0.9400578934359175,0.3086714187850333,0.1002493122038431
protein,1.1344356041088677,5631.932856968863,9595.562366718576,13635.265910980876,0.41304165930737763,0.7037312238253447,4.822348041749044,0.00012495376661931596,0.9107121321672442,0.23067491224444328,0.21118978052619447
protein,0,0,0,0,0,0,0,0,0,0,0
protein,0.8781673277685668,5660.979982382666,12809.205176942789,17578.653950938984,0.3220371706606283,0.728679523056347,5.389335936453085,0.00012871967845214867,0.9467270254476193,0.33223946842747654,0.0934371314352543
protein,0.8535730100863933,4332.7724552497075,19780.52801003332,23212.382713111063,0.18665780711957783,0.8521541392155607,6.175015609626722,0.0001966764117010269,0.9824249910508743,0.5418984370876712,0.07050705476827328
protein,0.8598936801925278,5330.869514919939,16007.52184525438,20560.80996113102,0.2592733226462201,0.7785452944468453,5.810218783640089,0.0001460447103925292,0.9658039884800587,0.4177333266559079,0.0765689465061084
protein,0,0,0,0,0,0,0,0,0,0,0
protein,0,0,0,0,0,0,0,0,0,0,0
protein,0.9326856105324628,4819.337725195731,8358.290573959366,12248.011065307766,0.3934792105835374,0.6824202337336263,4.522443253501425,0.00014160041745277577,0.919333514475871,0.2562846838672117,0.13920432529682691
protein,1.2060438920012897,4185.421341732477,19570.396925790017,21639.295484806735,0.19341763435279688,0.9043915935031562,6.042848958390089,0.0002160813738118897,0.9811165163839449,0.5295396786529001,0.14335451937657168
protein,0,0,0,0,0,0,0,0,0,0,0
protein,0,0,0,0,0,0,0,0,0,0,0
protein,1.2464789794947426,5331.361008773716,7921.0089948146215,11227.033939563471,0.47486816531179116,0.7055299767912349,4.441094691772716,0.00013233580986734118,0.8800569445061003,0.17487127190628898,0.2589392963161131
protein,1.019159697535665,2474.3514142550043,24544.43281461827,25243.25664914387,0.09802029304879419,0.9723164152613684,6.483811307017368,0.00039295809385027087,0.9951844161514127,0.7366398340097497,0.09436327239127903
protein,0.997633917576906,1543.9887432518526,43777.92724074259,44122.82669500591,0.03499296982771529,0.9921831967691599,8.48920504050488,0.0006426103824303056,0.9993875584890162,0.8991548035330034,0.060445167972647144
protein,0,0,0,0,0,0,0,0,0,0,0
protein,0.9793256310470104,6704.884531569024,14643.310892860205,19835.104252717454,0.3380312221273271,0.7382522776936773,5.760367398958187,0.00011010663557555962,0.9411348962115398,0.3093939552479222,0.10918733866574082
protein,1.1665317458594604,4554.5860150719645,8838.084509879538,11700.891667842785,0.3892511907950741,0.7553342737262482,4.503781893719935,0.00016584037961446063,0.9211316466524297,0.24651525435107122,0.23748444313572295
protein,0.8185207649993502,5491.454311735006,13021.455121779676,17757.331061838413,0.3092499820277877,0.7333002395705499,5.405860462541707,0.0001335347975132049,0.9509807824639849,0.3490321091217899,0.08243751672308759
protein,0.8309310746863552,5619.65484403874,12061.250693308031,16823.976733884872,0.3340265463349276,0.7169084268296496,5.272661473533062,0.00012757161190960636,0.9425636669973866,0.3186907992122369,0.09342325082474696
protein,0,0,0,0,0,0,0,0,0,0,0
protein,1.1630267244262422,3141.401017040696,17845.72752483682,19213.153656453505,0.16350262290155218,0.9288286474949738,5.691204151525247,0.00029567337708764137,0.9865428993735208,0.5895666157876767,0.15175360452891823
protein,0,0,0,0,0,0,0,0,0,0,0
protein,0,0,0,0,0,0,0,0,0,0,0
protein,0,0,0,0,0,0,0,0,0,0,0
protein,1.0572770847781972,4521.396446987815,8304.730480429947,11271.119888861209,0.4011488203098725,0.7368150247995477,4.406292535317472,0.00016296182682463487,0.9160128950860887,0.23652327578515644,0.19709537152145618
protein,0.8866432423124564,2360.3539340265884,31934.54929147127,33416.940413498305,0.07063345431448166,0.955639531815778,7.386214797670955,0.00040487128563195093,0.9975023384090907,0.8032212613906429,0.058481441828719616
protein,0,0,0,0,0,0,0,0,0,0,0
protein,0,0,0,0,0,0,0,0,0,0,0
protein,0,0,0,0,0,0,0,0,0,0,0
protein,1.5329863322560229,3568.3158545840715,22732.91656723921,22929.856213408566,0.15561876277695308,0.991411213208821,6.298096830317705,0.0002778372917675421,0.9878171899049796,0.612443721379938,0.2104637377190352
protein,0,0,0,0,0,0,0,0,0,0,0
protein,0,0,0,0,0,0,0,0,0,0,0
protein,1.181314656621509,5063.956107823014,8122.221459619156,11492.34067254612,0.4406374864887379,0.7067508431091161,4.455502839770888,0.000139564962266813,0.8976851371727659,0.20371703759020374,0.23446377029540752
protein,1.047809033126773,4918.931146386277,12440.626641411674,16223.545529599121,0.3031970500783513,0.7668253908317585,5.201756595959772,0.00015589268644166965,0.9529278822784996,0.35232543171574465,0.14720788370205476
protein,0,0,0,0,0,0,0,0,0,0,0
protein,0,0,0,0,0,0,0,0,0,0,0
protein,0,0,0,0,0,0,0,0,0,0,0
protein,0.8797666221528182,3090.746466345496,23925.20702890803,26162.465539120254,0.1181366665050723,0.9144859452612792,6.54571850361001,0.0002958786672471938,0.9929973454280073,0.6869897051227921,0.06378302620020683
protein,0,0,0,0,0,0,0,0,0,0,0
protein,0,0,0,0,0,0,0,0,0,0,0
protein,1.2058431791288384,3663.996487904719,16298.540111362534,17986.43266713068,0.20370890413419732,0.9061574584018159,5.525062269559286,0.0002473139538733587,0.9790315022390467,0.5105293481011767,0.1771046487590504
protein,1.0317095828233787,6285.137729417513,10532.462000498706,15350.404080472057,0.4094444482678551,0.6861358140987003,5.086853620875448,0.00010916798384341679,0.9123350501776372,0.23856535187066996,0.14736478822943527
protein,0,0,0,0,0,0,0,0,0,0,0
protein,0,0,0,0,0,0,0,0,0,0,0
protein,0.9069959222078896,5713.048681528401,7251.611272093281,12030.723589901823,0.47487157682882336,0.6027576993107908,4.4876555614822795,0.00010550543727373527,0.8800551036839153,0.20846131914575508,0.14536069389418127
protein,1.1395298205741546,2501.0177433099034,26967.249782205847,27888.000436053168,0.08968078400044154,0.9669839845291673,6.792468410318981,0.0003866361952512335,0.9959705602983786,0.7562558893088688,0.09879130223365225
protein,0,0,0,0,0,0,0,0,0,0,0
protein,0,0,0,0,0,0,0,0,0,0,0
protein,1.333126555087149,4988.211429491566,14819.083718199685,17167.00180057835,0.2905697504688044,0.8632307429303372,5.4580759690399345,0.0001730541608213916,0.956853813344806,0.3664427683588791,0.21105844186776124
protein,1.194851255032386,3862.991248835399,14568.950064859211,16797.771312792807,0.22997046315861147,0.8673144665187711,5.327754003041752,0.00022451887945131794,0.973197608954427,0.46230954157115955,0.1934733227871761
protein,1.075644064592837,5214.444479163066,11703.19546517606,15351.353475915426,0.33967327293609334,0.7623559371189699,5.098968429365399,0.00014620079668416192,0.9405434958856939,0.30379660556079696,0.16267748354637188
protein,1.2242057349143933,3262.590164390972,20904.406281278814,22224.44003712298,0.1468019063221052,0.9406044087662401,6.113761939517303,0.0002882998971284592,0.9891659114123352,0.6249779149842617,0.1550355363342411
protein,0,0,0,0,0,0,0,0,0,0,0
protein,1.179748928017711,4417.307681756606,8520.06004608505,11313.937071237777,0.3904306391261676,0.7530588151974695,4.416769547679433,0.00017047914011233308,0.9206323457447779,0.24553190708035916,0.25403816966823617
protein,1.2614416702907865,2907.9716179197285,20740.012743535837,21652.68513218781,0.1343007391539113,0.9578494591742233,6.0365596301658275,0.00032938748551453835,0.9909406195442354,0.6531479004042032,0.16096075828455267
protein,0,0,0,0,0,0,0,0,0,0,0
protein,0,0,0,0,0,0,0,0,0,0,0
protein,0,0,0,0,0,0,0,0,0,0,0
protein,0,0,0,0,0,0,0,0,0,0,0
protein,0,0,0,0,0,0,0,0,0,0,0
protein,1.0298680667006632,5735.108410340724,11049.575293012953,15409.565162789782,0.3721784716021427,0.7170595131194807,5.093059644584337,0.00012502980969402114,0.9281611849651401,0.27178447916957804,0.15969281122978302
protein,1.286484754595849,3290.457264048372,25007.361938307316,25584.397507260124,0.12861187225982687,0.9774458019271682,6.5888912703014455,0.0002970547019731173,0.9916950067000548,0.6675017627340373,0.1440175900446904
protein,1.009237830634553,2292.17893037341,34889.27487871048,35926.09570646039,0.06380261715890324,0.9711401752024095,7.674864686779721,0.000423675552695271,0.9979625373949035,0.8213296738053445,0.0669022621767483
protein,0,0,0,0,0,0,0,0,0,0,0
protein,0,0,0,0,0,0,0,0,0,0,0
protein,0,0,0,0,0,0,0,0,0,0,0
protein,1.5001611170386178,5854.872353091182,21478.807148100128,22999.190728763388,0.2545686247024738,0.9338940400732523,6.3681819305738046,0.00015950715639089668,0.9670547116461876,0.4265785277151104,0.25447585478895624
protein,0.8607196961288986,5210.577651482285,12638.539863195487,17151.913646748904,0.303789872010575,0.7368588790435687,5.310434216970306,0.0001414159673513262,0.95273905853796,0.3561270495257909,0.09889272465138912
protein,1.1223163990584932,2019.7843473343635,23349.286655499036,24187.42837533336,0.08350554329265383,0.9653480433377088,6.318877325893353,0.0004779460958848104,0.9965073126873675,0.7712652575296967,0.10700594866554487
protein,0.9940307492897115,3088.4991034953878,40269.19033875463,42201.59569797368,0.07318441524341893,0.9542101352506007,8.302773440964293,0.0003089559372611376,0.9973184252611996,0.7966711634354317,0.05937571319872821
protein,0,0,0,0,0,0,0,0,0,0,0
protein,0,0,0,0,0,0,0,0,0,0,0
protein,1.2498662932845284,3179.674324828071,20980.533222904098,22351.42756920918,0.14225822109046485,0.9386663629398958,6.121677090489973,0.00029520833489469106,0.9898295805501959,0.6344897476997312,0.14070906193562338
protein,1.169719760840922,4734.4735422276135,7918.550020524471,11045.02104587657,0.42865228799135074,0.7169339005905015,4.369642130116177,0.00015142843110137598,0.9034695434821143,0.21273667784442166,0.23453921831736538
protein,1.0308482668893502,2621.5234492578406,20134.354984573354,21153.70825576115,0.12392737091587129,0.9518120766882479,5.943152296137815,0.00036307593470419195,0.9922912912738275,0.6754800074150302,0.11714733622309675
protein,0,0,0,0,0,0,0,0,0,0,0
protein,0,0,0,0,0,0,0,0,0,0,0
protein,0,0,0,0,0,0,0,0,0,0,0
protein,0,0,0,0,0,0,0,0,0,0,0
protein,0,0,0,0,0,0,0,0,0,0,0
protein,0,0,0,0,0,0,0,0,0,0,0
protein,0.9205180779715743,5744.55191316446,12193.453500996477,16890.054469496044,0.3401144693487695,0.7219309755938459,5.297296171875414,0.00012567228680437863,0.9403840426866062,0.3097602419887826,0.11200942208403732
protein,1.1654664363294744,5274.195182928174,8658.614850711288,12071.296550218163,0.4369203557370028,0.7172895483670975,4.577312701324189,0.00013599981105910956,0.8995001960770498,0.20496861951867812,0.2233877588327991
protein,0,0,0,0,0,0,0,0,0,0,0
protein,0,0,0,0,0,0,0,0,0,0,0
protein,0,0,0,0,0,0,0,0,0,0,0
protein,1.3127923772048944,3398.9608886914675,20628.094999818866,21665.421848643484,0.15688413142549926,0.9521206253877043,6.067530501609434,0.00028012108893499265,0.9876170155008807,0.605021498565342,0.17184080517847083
protein,0,0,0,0,0,0,0,0,0,0,0
protein,1.0391853607777028,4572.257359654933,8154.7684649675675,11364.978255723045,0.40231114013372515,0.7175348937303143,4.405813180040513,0.00015693230658049976,0.9155030019198748,0.23872483233132039,0.18746970261281412
protein,0,0,0,0,0,0,0,0,0,0,0
protein,1.0387466962791334,3488.2815425257745,18026.03980266743,20094.357474694018,0.1735950774698205,0.8970697284234472,5.790040170315055,0.00025716666429794605,0.9848171145335803,0.5676557228958162,0.1139673271287414
protein,0.9181309029313603,4722.524048754748,11049.515774106078,14649.130980930118,0.3223757132694366,0.7542779014325196,4.95082500798171,0.0001597192293031118,0.9466117997859641,0.3274644046850212,0.12386842992719405
protein,0,0,0,0,0,0,0,0,0,0,0
protein,1.0666959063799126,5788.838244264305,6526.46546483411,10860.909798814066,0.5329975436216592,0.6009133291528445,4.321264554570908,0.00010380551395579955,0.8461167877387126,0.16776882674339866,0.2007365314697952
protein,0,0,0,0,0,0,0,0,0,0,0
protein,0,0,0,0,0,0,0,0,0,0,0
protein,0,0,0,0,0,0,0,0,0,0,0
protein,0,0,0,0,0,0,0,0,0,0,0
protein,0,0,0,0,0,0,0,0,0,0,0
protein,0.868408988535248,4884.982450141788,17896.798992492128,22049.21098405586,0.22154908190021846,0.8116752570163891,6.010059758560853,0.00016615725139254694,0.9751492215600495,0.47881018530315983,0.07940887854906371
protein,0,0,0,0,0,0,0,0,0,0,0
protein,0,0,0,0,0,0,0,0,0,0,0
protein,1.0351756172211304,3975.1945796079726,17591.928310972027,20176.295124904063,0.19702301909240508,0.8719107349524199,5.799407384340471,0.00021933787579233574,0.9803988626817729,0.5217407983575394,0.11854395180706434
protein,1.1837240240689628,3287.1175500108498,19646.69560165986,20776.54529338316,0.1582129032326524,0.9456189816079226,5.934468073165302,0.0002876742213264632,0.9874050218885336,0.6016893231252413,0.1548377288464934
